"Country Name","Country Code","Indicator Name","Indicator Code","1960","1961","1962","1963","1964","1965","1966","1967","1968","1969","1970","1971","1972","1973","1974","1975","1976","1977","1978","1979","1980","1981","1982","1983","1984","1985","1986","1987","1988","1989","1990","1991","1992","1993","1994","1995","1996","1997","1998","1999","2000","2001","2002","2003","2004","2005","2006","2007","2008","2009","2010","2011"
"Afghanistan","AFG","GDP per capita (current US$)","NY.GDP.PCAP.CD",60,60,59,79,82,101,138,161,130,130,157,160,136,144,175,188,199,226,250,278,276,268,3389,3286,3289,3331,4021,4721,5239,5394,6229,6437,6782,6437,6840,7793,7990,7823,7865,8084,8027,120,192,204,225,257,280,380,384,459,570,622
"Angola","AGO","GDP per capita (current US$)","NY.GDP.PCAP.CD",492,515,537,573,624,674,723,758,784,856,950,1040,1202,1495,1772,1959,2110,2353,2696,3157,3596,3498,3389,3286,3289,686,667,650,634,927,901,1056,480,431,245,388,561,554,454,421,606,574,949,1067,1362,2064,2825,3402,4462,3565,3929,5054
"Albania","ALB","GDP per capita (current US$)","NY.GDP.PCAP.CD",492,515,537,573,624,674,723,758,784,856,950,1040,1202,1495,1772,1959,2110,2353,2696,3157,3596,3498,3389,3286,663,663,719,699,677,723,639,349,218,381,619,761,1046,750,865,1098,1176,1327,1454,1891,2417,2709,3005,3603,4371,4114,4094,4438
"United Arab Emirates","ARE","GDP per capita (current US$)","NY.GDP.PCAP.CD",492,515,537,573,624,674,723,758,784,856,950,1040,1202,1495,1772,27709,30887,34408,28736,33673,42879,45131,40245,35136,32655,30067,23728,23953,22477,24219,27989,26946,26864,26141,26496,27974,29813,30379,27681,29279,34208,32106,32355,34295,37180,40299,42950,42914,45720,32905,34342,39901
"Argentina","ARG","GDP per capita (current US$)","NY.GDP.PCAP.CD",492,515,1149,845,1166,1272,1266,1058,1137,1324,1317,1366,1401,2084,2825,2012,1933,2113,2129,2501,2738,2756,2908,3530,2643,2910,3595,3547,3969,2375,4319,5716,6798,6940,7449,7373,7684,8173,8249,7736,7669,7171,2579,3330,4696,5641,6640,8239,9999,9231,11199,13393
"Armenia","ARM","GDP per capita (current US$)","NY.GDP.PCAP.CD",492,515,537,573,624,674,723,758,784,856,950,1040,1202,1495,1772,1959,2110,2353,2696,3157,3596,3498,3389,3286,3289,3331,4021,4721,5239,5394,637,589,369,357,400,456,503,523,608,597,621,692,780,924,1182,1625,2127,3081,3920,2916,3125,3417
"Australia","AUS","GDP per capita (current US$)","NY.GDP.PCAP.CD",1807,1873,1851,1963,2127,2277,2339,2575,2718,2985,3298,3488,3941,4760,6469,6988,7469,7758,8234,9273,10186,11826,12759,11510,12429,11434,11361,11626,14261,17811,18222,18837,18591,17657,18079,20360,21918,23523,21340,20536,21665,19495,20059,23440,30441,33983,36085,40958,49628,42715,51846,62217
"Austria","AUT","GDP per capita (current US$)","NY.GDP.PCAP.CD",935,1032,1088,1167,1269,1375,1487,1570,1678,1825,2054,2375,2917,3881,4620,5273,5665,6794,8186,9770,10843,9363,9388,9514,8969,9150,13052,16353,17536,17427,21629,22357,24820,24024,25585,30253,29742,26647,27290,27117,24517,24490,26351,32103,36693,38242,40431,46587,51386,47654,46660,51124
"Azerbaijan","AZE","GDP per capita (current US$)","NY.GDP.PCAP.CD",492,515,537,573,624,674,723,758,784,856,950,1040,1202,1495,1772,1959,2110,2353,2696,3157,3596,3498,3389,3286,3289,3331,4021,4721,5239,5394,1237,1209,676,530,436,397,409,506,562,574,655,704,763,884,1045,1578,2473,3851,5575,4950,5843,7190
"Burundi","BDI","GDP per capita (current US$)","NY.GDP.PCAP.CD",70,71,74,79,87,52,52,55,55,56,70,72,70,85,95,114,120,143,156,195,223,229,232,241,213,241,243,221,205,204,202,203,184,156,151,160,137,152,137,122,129,126,115,106,119,141,155,159,183,190,214,241
"Belgium","BEL","GDP per capita (current US$)","NY.GDP.PCAP.CD",1274,1350,1439,1535,1702,1836,1958,2087,2222,2458,2781,3099,3852,4927,5764,6737,7282,8472,10345,11874,12933,10680,9394,8894,8503,8798,12235,15217,16479,16614,20711,21154,23498,22403,24338,28566,27702,25028,25542,25444,23207,23122,25052,30744,35590,36967,38852,44404,48425,44881,44283,47700
"Benin","BEN","GDP per capita (current US$)","NY.GDP.PCAP.CD",93,96,94,100,104,110,113,112,117,116,115,113,135,162,174,207,209,219,264,328,378,338,322,271,252,244,303,344,346,311,392,383,315,407,276,362,382,357,375,399,370,374,412,509,571,587,609,686,795,768,733,799
"Burkina Faso","BFA","GDP per capita (current US$)","NY.GDP.PCAP.CD",68,72,77,78,80,82,83,84,85,87,81,84,99,114,124,153,156,177,226,262,283,254,245,218,194,201,257,291,313,305,352,346,241,244,193,236,249,229,256,267,227,236,261,332,371,407,422,475,569,552,574,666
"Bangladesh","BGD","GDP per capita (current US$)","NY.GDP.PCAP.CD",89,97,100,101,100,106,112,122,122,134,138,132,93,118,179,273,139,129,173,197,223,242,216,200,209,240,228,248,264,278,298,285,286,292,291,320,384,390,396,398,407,404,402,434,462,486,496,543,618,684,760,839
"Bulgaria","BGR","GDP per capita (current US$)","NY.GDP.PCAP.CD",492,515,537,573,624,674,723,758,784,856,950,1040,1202,1495,1772,1959,2110,2353,2696,3157,2261,2256,2221,1897,1943,1960,2262,3169,2561,2450,2377,1268,1212,1278,1148,1554,1209,1347,1772,1644,1609,1762,2079,2694,3354,3853,4456,5933,7296,6956,6753,7750
"Bahamas, The","BHS","GDP per capita (current US$)","NY.GDP.PCAP.CD",1550,1651,1753,1867,1995,2145,2323,2557,2805,3215,3179,3298,3323,3697,3417,3156,3329,3617,4131,5532,6339,6622,7165,7695,8874,9889,10339,11151,11382,12158,12351,11915,11682,11403,11812,12240,12717,17288,18457,20506,21241,21497,22505,22008,21996,23406,23721,24306,23657,22043,21921,21515
"Bosnia and Herzegovina","BIH","GDP per capita (current US$)","NY.GDP.PCAP.CD",492,515,537,573,624,674,723,758,784,856,950,1040,1202,1495,1772,1959,2110,2353,2696,3157,3596,3498,3389,3286,3289,3331,4021,4721,5239,5394,6229,6437,6782,6437,315,481,731,972,1090,1238,1452,1513,1746,2193,2620,2844,3270,4021,4873,4499,4392,4780
"Belarus","BLR","GDP per capita (current US$)","NY.GDP.PCAP.CD",492,515,537,573,624,674,723,758,784,856,950,1040,1202,1495,1772,1959,2110,2353,2696,3157,3596,3498,3389,3286,3289,3331,4021,4721,5239,5394,1705,1747,1666,1590,1460,1371,1452,1397,1512,1210,1273,1244,1479,1819,2378,3126,3849,4736,6376,5176,5819,6306
"Belize","BLZ","GDP per capita (current US$)","NY.GDP.PCAP.CD",305,316,327,337,351,378,406,420,387,397,436,474,520,606,786,886,717,859,981,1074,1351,1307,1183,1213,1315,1268,1344,1586,1759,1979,2202,2327,2667,2833,2880,2996,3002,2953,2992,3066,3364,3419,3557,3680,3832,3933,4187,4325,4470,4259,4344,4517
"Bolivia","BOL","GDP per capita (current US$)","NY.GDP.PCAP.CD",152,163,174,184,204,223,239,256,210,219,226,238,268,263,428,480,534,617,702,808,812,1032,959,910,1014,866,625,673,697,701,710,764,791,788,806,887,958,1007,1059,1013,1007,958,914,917,978,1046,1234,1390,1737,1777,1981,2378
"Brazil","BRA","GDP per capita (current US$)","NY.GDP.PCAP.CD",209,204,259,290,259,259,313,344,371,400,441,500,580,767,993,1141,1375,1548,1723,1885,1923,2107,2200,1552,1560,1629,1920,2065,2276,2879,3072,3942,2578,2774,3483,4827,5163,5279,5084,3476,3739,3136,2810,3044,3598,4733,5809,7241,8700,8463,11124,13042
"Brunei Darussalam","BRN","GDP per capita (current US$)","NY.GDP.PCAP.CD",492,515,537,573,624,1112,1236,1234,1361,1301,1380,1455,1909,2925,6953,7266,8507,9968,10765,15011,25530,21926,20795,18227,17440,15797,10281,11672,11084,11954,13702,14002,15381,14678,14221,16047,16914,16779,12785,14206,18155,16617,17017,18759,22132,26338,31158,32708,37798,27726,31453,41787
"Bhutan","BTN","GDP per capita (current US$)","NY.GDP.PCAP.CD",492,515,537,573,624,674,723,758,784,856,950,1040,1202,1495,1772,1959,2110,2353,2696,3157,329,345,343,372,371,367,416,505,549,521,560,468,475,453,530,596,618,703,707,764,778,820,897,1009,1108,1258,1346,1755,1811,1787,2201,2486
"Botswana","BWA","GDP per capita (current US$)","NY.GDP.PCAP.CD",58,61,65,68,72,77,84,93,102,115,139,177,223,319,386,432,436,509,639,854,1065,1039,949,1059,1084,942,1140,1559,2034,2302,2747,2776,2839,2773,2767,3001,3008,3050,2855,3210,3333,3115,3044,4149,4879,5328,5342,5667,5562,5115,6244,7505
"Central African Republic","CAF","GDP per capita (current US$)","NY.GDP.PCAP.CD",75,81,80,82,88,91,94,95,109,105,103,108,121,140,142,188,219,241,283,317,350,297,310,265,249,329,417,437,450,430,490,457,457,403,262,334,295,268,270,274,245,246,257,291,318,333,354,404,464,454,447,485
"Canada","CAN","GDP per capita (current US$)","NY.GDP.PCAP.CD",2295,2231,2255,2355,2530,2740,3011,3173,3411,3704,4116,4579,5134,5862,7033,7479,8770,8879,9082,9997,11118,12279,12438,13369,13769,13991,14336,16159,18815,20587,21302,21591,20693,19936,19786,20509,21129,21709,20875,22110,24032,23574,23995,28026,31830,36028,40244,44328,46400,40764,47464,52087
"Switzerland","CHE","GDP per capita (current US$)","NY.GDP.PCAP.CD",1787,1971,2131,2294,2501,2620,2785,2961,3122,3345,950,1040,1202,1495,1772,1959,2110,2353,2696,3157,18785,17110,17435,17299,16458,16614,23692,29485,31664,30326,38332,38303,39436,38005,41739,48541,46610,40430,41488,40577,37813,38539,41337,47961,53256,54798,57349,63223,72120,69672,74277,88003
"Chile","CHL","GDP per capita (current US$)","NY.GDP.PCAP.CD",547,598,683,666,688,703,797,769,770,872,939,1098,1163,1625,1515,693,931,1243,1412,1873,2454,2863,2104,1684,1613,1362,1440,1671,1938,2196,2402,2728,3278,3461,3943,5027,5263,5674,5367,4873,5229,4710,4567,4949,6324,7729,9501,10514,10791,10217,12785,14582
"China","CHN","GDP per capita (current US$)","NY.GDP.PCAP.CD",89,75,70,73,85,97,103,95,90,99,112,117,130,155,158,176,163,183,155,183,193,196,202,224,249,293,280,250,282,309,316,331,365,376,472,608,707,779,826,870,955,1047,1142,1281,1498,1740,2082,2673,3441,3800,4515,5574
"Cote d'Ivoire","CIV","GDP per capita (current US$)","NY.GDP.PCAP.CD",157,172,173,196,227,218,233,236,267,272,278,289,322,417,487,589,674,866,1044,1156,1231,977,841,729,700,687,868,922,905,831,887,833,855,818,596,764,817,766,802,767,649,664,718,875,930,942,963,1079,1258,1233,1236,1232
"Cameroon","CMR","GDP per capita (current US$)","NY.GDP.PCAP.CD",115,120,125,127,134,136,139,149,164,175,171,178,201,240,300,356,387,411,523,670,755,830,772,756,775,785,992,1115,1099,951,924,1000,891,1028,681,627,680,669,637,676,583,589,648,791,893,915,965,1071,1192,1165,1147,1259
"Congo, Rep.","COG","GDP per capita (current US$)","NY.GDP.PCAP.CD",130,146,156,157,165,171,185,194,200,204,206,234,289,370,388,493,471,463,517,685,947,1074,1131,1066,1083,1037,863,1043,978,1028,1173,1112,1166,743,668,778,909,808,660,776,1036,878,927,1049,1362,1738,2145,2259,3094,2428,2953,3453
"Colombia","COL","GDP per capita (current US$)","NY.GDP.PCAP.CD",245,268,284,268,322,302,276,282,283,298,326,346,375,436,511,529,606,752,878,1030,1204,1282,1342,1305,1260,1125,1103,1125,1189,1176,1175,1181,1386,1542,2219,2471,2554,2760,2509,2164,2472,2396,2356,2246,2740,3386,3709,4674,5434,5148,6251,7228
"Costa Rica","CRI","GDP per capita (current US$)","NY.GDP.PCAP.CD",381,355,334,345,353,373,394,413,443,475,533,567,636,766,815,935,1121,1392,1555,1734,2022,1069,1034,1535,1727,1757,1956,2034,2059,2274,2391,2255,2632,2885,3082,3339,3293,3484,3743,4104,4062,4104,4146,4246,4441,4700,5228,6024,6736,6547,7986,8964
"Cuba","CUB","GDP per capita (current US$)","NY.GDP.PCAP.CD",492,515,537,573,624,674,723,758,784,856,653,780,901,1088,1224,1380,1445,1474,1838,2003,2025,2039,2111,2228,2400,2273,2383,2455,2646,2577,2707,2280,2057,2072,2621,2790,2284,2306,2331,2560,2749,2841,3003,3201,3399,3787,4678,5193,5386,5495,5689,6093
"Cyprus","CYP","GDP per capita (current US$)","NY.GDP.PCAP.CD",492,515,537,573,624,674,723,758,784,856,950,1040,1202,1495,1772,976,1157,1476,1929,2559,4232,4033,4123,4091,4259,4488,5643,6691,7646,8039,9642,9696,11310,10526,11618,15233,15105,14170,15036,15209,14307,14723,15988,20110,23578,24738,26455,30915,34950,31673,30439,31837
"Czech Republic","CZE","GDP per capita (current US$)","NY.GDP.PCAP.CD",492,515,537,573,624,674,723,758,784,856,950,1040,1202,1495,1772,1959,2110,2353,2696,3157,3596,3498,3389,3286,3289,3331,4021,4721,5239,5394,3902,2867,3339,3916,4584,5765,6473,5980,6447,6293,5995,6595,8012,9741,11668,13318,15159,18334,22649,19698,19764,21657
"Germany","DEU","GDP per capita (current US$)","NY.GDP.PCAP.CD",492,515,537,573,624,674,723,758,784,856,2751,3180,3796,5028,5618,6213,6610,7654,9446,11238,12092,10170,9876,9827,9278,9394,13411,16614,17863,17697,22220,23269,26334,25489,27088,31730,30564,27046,27341,26796,23719,23687,25205,30360,34166,34697,36448,41815,45699,41733,41788,45936
"Djibouti","DJI","GDP per capita (current US$)","NY.GDP.PCAP.CD",492,515,537,573,624,674,723,758,784,856,950,1040,1202,1495,1772,1959,2110,2353,2696,3157,3596,3498,3389,3286,3289,805,4021,769,756,732,769,757,762,729,757,753,734,733,737,754,763,780,793,822,868,910,975,1061,1234,1279,1358,1472
"Denmark","DNK","GDP per capita (current US$)","NY.GDP.PCAP.CD",1365,1504,1681,1775,2013,2244,2443,2645,2713,3068,3422,3793,4601,6065,6719,7955,8753,9761,11810,13741,13833,11984,11707,11769,11478,12167,17147,21289,22441,21799,26862,26961,29526,27553,29992,35351,35651,32836,33368,33441,30744,30752,33229,40459,46488,48817,52041,58501,64182,57896,57648,61304
"Dominican Republic","DOM","GDP per capita (current US$)","NY.GDP.PCAP.CD",204,192,234,259,273,229,246,251,254,281,330,360,418,480,583,699,748,848,861,969,1141,1223,1310,1387,1626,777,924,861,779,949,985,1327,1510,1705,1872,2073,2258,2400,2552,2576,2802,2862,3008,2373,2421,3681,3836,4637,4997,4934,5442,5820
"Algeria","DZA","GDP per capita (current US$)","NY.GDP.PCAP.CD",245,213,171,226,237,248,234,252,280,301,334,339,440,551,813,931,1031,1186,1448,1772,2190,2224,2197,2299,2453,2567,2741,2790,2403,2203,2394,1722,1766,1798,1500,1445,1596,1612,1588,1581,1757,1733,1774,2095,2600,3102,3468,3940,4912,3876,4473,5447
"Ecuador","ECU","GDP per capita (current US$)","NY.GDP.PCAP.CD",222,209,199,210,227,455,449,459,451,528,471,441,496,589,971,1107,1266,1495,1575,1824,2242,2665,2375,1993,1917,1896,1651,1467,1340,1392,1491,1624,1690,1729,2028,2136,2159,2362,2300,1584,1451,1904,2184,2440,2709,3022,3351,3591,4275,4256,4657,5223
"Egypt, Arab Rep.","EGY","GDP per capita (current US$)","NY.GDP.PCAP.CD",492,515,537,573,624,166,169,172,184,202,221,232,241,260,238,296,338,362,359,429,528,526,561,601,638,703,707,776,654,720,765,641,710,775,847,964,1063,1211,1287,1352,1461,1403,1239,1148,1071,1197,1409,1681,2062,2349,2668,2817
"Eritrea","ERI","GDP per capita (current US$)","NY.GDP.PCAP.CD",492,515,537,573,624,674,723,758,784,856,950,1040,1202,1495,1772,1959,2110,2353,2696,3157,3596,3498,3389,3286,3289,3331,4021,4721,5239,5394,6229,6437,151,148,169,183,217,211,223,201,200,206,193,222,273,262,281,299,307,404,451,544
"Spain","ESP","GDP per capita (current US$)","NY.GDP.PCAP.CD",396,450,520,609,675,775,890,968,951,1078,1209,1360,1709,2253,2760,3222,3288,3632,4344,5753,6200,5359,5152,4472,4484,4693,6504,8229,9690,10663,13773,14782,16105,13362,13465,15562,16237,14873,15534,15859,14788,15359,17020,21496,24919,26511,28483,32709,35579,32333,30738,31832
"Estonia","EST","GDP per capita (current US$)","NY.GDP.PCAP.CD",492,515,537,573,624,674,723,758,784,856,950,1040,1202,1495,1772,1959,2110,2353,2696,3157,3596,3498,3389,3286,3289,3331,4021,4721,5239,5394,6229,6437,6782,6437,6840,3044,3353,3620,4052,4148,4070,4499,5308,7174,8850,10338,12595,16586,18095,14726,14641,17454
"Ethiopia","ETH","GDP per capita (current US$)","NY.GDP.PCAP.CD",492,515,537,573,624,674,723,758,784,856,950,1040,1202,1495,1772,1959,2110,2353,2696,3157,3596,203,208,224,205,233,234,242,243,247,253,270,203,165,125,134,145,141,125,119,124,120,112,119,136,162,194,244,326,380,342,356
"Finland","FIN","GDP per capita (current US$)","NY.GDP.PCAP.CD",1179,1327,1412,1522,1708,1882,2010,2034,1907,2178,2467,2718,3180,4176,5302,6260,6745,7074,7634,9339,11232,10935,10945,10506,10842,11406,14962,18581,22057,23984,28381,25503,22337,17617,20306,26273,25778,24676,25989,26179,24253,24913,26834,32816,37636,38969,41121,48289,53401,47107,46205,50788
"Fiji","FJI","GDP per capita (current US$)","NY.GDP.PCAP.CD",286,287,292,297,311,317,316,333,335,357,422,466,583,769,988,1187,1182,1203,1361,1641,1893,1899,1787,1639,1682,1604,1796,1632,1535,1632,1835,1882,2057,2166,2384,2541,2714,2641,2070,2408,2076,2039,2259,2836,3333,3659,3750,4079,4178,3370,3652,4352
"France","FRA","GDP per capita (current US$)","NY.GDP.PCAP.CD",1338,1441,1586,1753,1919,2042,2190,2346,2532,2725,2862,3174,3857,4966,5318,6673,6846,7513,9248,11170,12713,11111,10506,10005,9432,9775,13557,16324,17697,17705,21795,21782,23937,22503,23626,27038,27015,24359,25101,24799,22466,22527,24275,29691,33875,34880,36545,41601,45413,41631,40706,43807
"Gabon","GAB","GDP per capita (current US$)","NY.GDP.PCAP.CD",283,333,359,299,412,425,453,490,520,550,549,634,702,1157,2425,3321,4534,4139,3439,4259,5869,5166,4718,4309,4407,4024,3990,3743,4254,4518,6251,5523,5567,4246,3959,4564,5107,4657,3822,3878,4115,3982,4119,4929,5756,6865,7207,8633,10523,8062,9312,11530
"United Kingdom","GBR","GDP per capita (current US$)","NY.GDP.PCAP.CD",1380,1453,1514,1593,1729,1851,1960,2024,1896,2032,2348,2650,3030,3426,3666,4300,4138,4681,5977,7805,10032,9599,9146,8692,8179,8652,10611,13119,15987,16239,19095,19901,20487,18389,19709,21330,22463,24803,26281,26676,26401,25980,28301,32575,38306,40048,42534,48428,45195,37166,38293,41020
"Georgia","GEO","GDP per capita (current US$)","NY.GDP.PCAP.CD",492,515,537,573,624,674,723,758,784,856,950,1040,1202,1495,1772,1959,2110,2353,2696,3157,3596,3498,3389,3286,3289,3331,4021,4721,5239,5394,1615,1315,757,550,517,569,670,775,805,629,692,734,779,922,1187,1470,1761,2318,2919,2441,2614,3220
"Ghana","GHA","GDP per capita (current US$)","NY.GDP.PCAP.CD",183,190,195,211,230,266,269,217,203,234,258,274,233,264,301,286,276,313,354,381,412,380,351,341,358,354,437,376,375,369,403,439,415,375,333,386,404,392,416,420,265,275,312,376,426,502,930,1099,1234,1096,1323,1587
"Guinea","GIN","GDP per capita (current US$)","NY.GDP.PCAP.CD",492,515,537,573,624,674,723,758,784,856,950,1040,1202,1495,1772,1959,2110,2353,2696,3157,3596,3498,3389,3286,3289,3331,368,380,430,422,442,474,487,458,449,470,476,454,422,400,340,316,324,371,387,304,296,407,433,430,430,448
"Gambia, The","GMB","GDP per capita (current US$)","NY.GDP.PCAP.CD",492,515,537,573,624,674,108,112,97,104,117,121,125,153,190,221,209,250,303,354,399,350,333,317,253,308,242,274,316,322,346,727,729,749,720,738,774,713,725,683,637,543,442,361,415,433,440,520,609,550,563,517
"Guinea-Bissau","GNB","GDP per capita (current US$)","NY.GDP.PCAP.CD",492,515,537,573,624,674,723,758,784,856,111,108,119,119,129,140,142,143,150,142,130,178,187,181,150,152,135,176,163,206,231,238,205,210,204,215,224,218,164,174,281,292,303,340,371,401,396,455,553,517,519,659
"Equatorial Guinea","GNQ","GDP per capita (current US$)","NY.GDP.PCAP.CD",492,515,35,42,48,240,251,256,234,230,228,228,238,309,377,438,454,472,2696,3157,230,158,176,163,171,198,231,272,284,242,297,284,333,325,233,316,501,922,747,1210,1970,2661,3183,4235,7276,13130,14162,16186,23348,14452,17441,22945
"Greece","GRC","GDP per capita (current US$)","NY.GDP.PCAP.CD",534,597,631,702,785,889,982,1052,1134,1284,1494,1652,1900,2503,2829,3153,3391,3886,4695,5706,5894,5380,5579,5020,4853,4814,5657,6565,7598,7847,9638,10252,11208,10397,11049,12871,13620,13284,13330,13098,11953,12436,14005,18326,21755,22337,24561,28532,31687,29498,26842,25872
"Greenland","GRL","GDP per capita (current US$)","NY.GDP.PCAP.CD",492,515,537,573,624,674,723,758,784,856,1498,1877,2197,2860,3433,4258,4845,5714,7236,8481,9483,8544,7814,7988,7199,7761,11271,14554,16398,16814,18327,18315,18769,16797,18124,21666,21422,19146,20497,20170,19004,19275,20653,25129,28904,29903,30620,37517,30883,22508,14827,16198
"Guatemala","GTM","GDP per capita (current US$)","NY.GDP.PCAP.CD",253,254,262,282,282,282,286,291,314,325,351,356,366,435,521,584,681,833,899,996,1107,1177,1161,1174,1197,1198,869,831,898,941,835,1002,1085,1156,1285,1415,1487,1636,1741,1606,1650,1562,1693,1743,1861,2064,2241,2472,2774,2617,2806,3167
"Guyana","GUY","GDP per capita (current US$)","NY.GDP.PCAP.CD",302,319,325,284,306,328,345,372,338,363,385,401,401,426,594,668,605,590,656,679,767,724,614,627,566,593,668,476,563,523,551,469,513,614,748,855,966,1021,973,939,960,937,972,999,1059,1111,1961,2334,2570,2698,2999,3409
"Honduras","HND","GDP per capita (current US$)","NY.GDP.PCAP.CD",168,172,181,186,200,216,227,241,253,255,269,264,282,312,343,362,421,505,565,639,706,752,751,771,807,859,872,923,857,748,622,609,660,655,629,700,705,796,869,879,1138,1188,1197,1228,1299,1406,1547,1721,1900,1976,2111,2324
"Croatia","HRV","GDP per capita (current US$)","NY.GDP.PCAP.CD",492,515,537,573,624,674,723,758,784,856,950,1040,1202,1495,1772,1959,2110,2353,2696,3157,3596,3498,3389,3286,3289,3331,4021,4721,5239,5394,6229,6437,6782,6437,6840,4795,5269,5210,5650,5135,4920,5245,6054,7806,9366,10224,11363,13547,15894,14157,13509,14542
"Haiti","HTI","GDP per capita (current US$)","NY.GDP.PCAP.CD",492,515,537,573,624,674,723,758,784,856,950,1040,1202,1495,1772,1959,2110,2353,2696,3157,3596,3498,3389,3286,3289,3331,4021,4721,5239,5394,6229,480,306,249,282,360,365,412,451,494,462,414,393,330,388,465,506,616,675,668,662,741
"Hungary","HUN","GDP per capita (current US$)","NY.GDP.PCAP.CD",492,515,537,573,624,674,723,758,784,856,950,1040,1202,1495,1772,1959,2110,2353,2696,3157,3596,3498,3389,3286,3289,3331,4021,4721,5239,5394,6229,3334,3717,3855,4153,4473,4508,4580,4735,4790,4620,5267,6646,8391,10254,11156,11392,13831,15650,12948,13009,14033
"Indonesia","IDN","GDP per capita (current US$)","NY.GDP.PCAP.CD",492,515,537,573,624,674,723,56,69,79,84,84,96,138,214,246,293,352,386,383,529,612,613,540,542,529,475,442,507,569,631,694,741,828,912,1026,1137,1064,464,671,780,748,900,1066,1150,1263,1590,1861,2168,2263,3125,3648
"India","IND","GDP per capita (current US$)","NY.GDP.PCAP.CD",84,87,92,103,118,122,92,98,102,110,115,121,125,147,167,161,164,190,210,228,272,276,280,297,282,303,317,347,361,353,375,309,324,307,353,382,408,424,422,451,452,461,481,558,641,729,817,1050,1023,1125,1388,1472
"Ireland","IRL","GDP per capita (current US$)","NY.GDP.PCAP.CD",686,739,797,852,965,1024,1075,1152,1125,1291,1488,1706,2083,2427,2520,2977,2923,3431,4405,5436,6380,5993,6168,5922,5698,6018,8121,9593,10728,11188,14047,14103,15732,14674,15921,19180,20852,22540,24261,26283,26236,28213,32538,41170,47641,50816,54286,61314,61190,51900,48261,52828
"Iran, Islamic Rep.","IRN","GDP per capita (current US$)","NY.GDP.PCAP.CD",192,197,203,208,221,248,265,287,319,351,385,469,570,876,1454,1582,2017,2315,2168,2426,2440,2499,3009,3585,3572,3810,4249,2620,2320,2201,2222,6437,6782,1084,1207,1598,1964,1825,1733,1757,1664,1899,1900,2241,2650,3135,3647,4705,5476,5438,6300,7874
"Iraq","IRQ","GDP per capita (current US$)","NY.GDP.PCAP.CD",231,245,255,251,288,674,723,758,313,314,331,377,388,469,1018,1152,1471,1592,1848,2852,3912,2736,2950,2738,3079,3100,2957,3475,3753,3851,10293,6437,6782,6437,6840,7793,7990,7823,7865,8084,8027,7904,8376,9784,1392,1849,2350,3126,4513,3726,4487,5839
"Iceland","ISL","GDP per capita (current US$)","NY.GDP.PCAP.CD",1415,1418,1562,1832,2298,2724,3216,3126,2354,2039,2597,3279,4048,5482,7098,6507,7645,10039,11328,12744,14943,15261,13824,11767,12057,12462,16540,22636,24652,22617,25592,27022,27346,23772,24215,26851,27897,28017,30901,32187,31737,28516,31865,39020,46921,56446,56097,68345,55230,40362,41620,45971
"Israel","ISR","GDP per capita (current US$)","NY.GDP.PCAP.CD",1366,1596,1132,1258,1376,1429,1514,1428,1412,1588,1806,1816,2279,2819,3722,3571,3531,3813,3691,4625,5617,5864,6096,6683,6262,5699,6909,8120,9881,9872,11264,11956,12838,12531,13830,18029,19286,19627,19400,19137,21052,20306,18431,18947,19888,20611,21905,25009,29657,27796,30736,33707
"Italy","ITA","GDP per capita (current US$)","NY.GDP.PCAP.CD",804,887,990,1126,1223,1304,1402,1534,1652,1813,2101,2299,2663,3196,3611,4095,4021,4590,5594,6970,8432,7600,7534,7810,7717,7967,11282,14193,15698,16339,20765,21892,23175,18684,19281,20604,23029,21788,22261,21946,20059,20409,22206,27399,31189,31974,33426,37716,40660,36995,35878,38365
"Jamaica","JAM","GDP per capita (current US$)","NY.GDP.PCAP.CD",429,453,463,484,518,552,615,636,594,646,752,812,974,974,1196,1421,1456,1578,1271,1153,1256,1378,1497,1615,1041,909,1179,1398,1625,1855,1921,1692,1457,1991,1995,2330,2591,2940,3410,3417,3448,3488,3707,3581,3854,4238,4487,4817,5119,4489,4902,5332
"Jordan","JOR","GDP per capita (current US$)","NY.GDP.PCAP.CD",492,515,537,573,624,532,548,494,413,487,424,431,483,558,685,753,911,1077,1288,1558,1793,1934,1984,2004,1947,1889,2333,2374,2129,1381,1312,1226,1423,1435,1536,1604,1602,1630,1733,1741,1763,1825,1902,1974,2156,2326,2720,3023,3797,4027,4371,4666
"Japan","JPN","GDP per capita (current US$)","NY.GDP.PCAP.CD",479,564,634,718,836,920,1059,1229,1451,1669,2004,2234,2918,3931,4281,4582,5111,6230,8675,8954,9308,10212,9429,10214,10787,11466,16882,20356,24593,24506,25124,28541,31014,35451,38815,42522,37423,34304,30970,35004,37300,32716,31236,33691,36442,35781,34076,34034,37866,39323,42909,46204
"Kazakhstan","KAZ","GDP per capita (current US$)","NY.GDP.PCAP.CD",492,515,537,573,624,674,723,758,784,856,950,1040,1202,1495,1772,1959,2110,2353,2696,3157,3596,3498,3389,3286,3289,3331,4021,4721,5239,5394,1647,1512,1515,1433,1320,1288,1350,1446,1469,1130,1229,1491,1658,2068,2874,3771,5292,6771,8514,7165,9071,11358
"Kenya","KEN","GDP per capita (current US$)","NY.GDP.PCAP.CD",98,95,101,104,109,105,119,121,129,134,142,153,174,200,229,242,248,309,352,398,447,406,366,328,327,312,355,377,382,365,366,336,328,223,269,330,428,455,477,426,409,408,402,444,467,530,712,858,939,943,992,1013
"Kyrgyz Republic","KGZ","GDP per capita (current US$)","NY.GDP.PCAP.CD",492,515,537,573,624,674,723,758,784,856,950,1040,1202,1495,1772,1959,2110,2353,2696,3157,3596,3498,3389,3286,3289,3331,4021,4721,5239,5394,609,576,513,449,372,364,395,376,345,258,280,308,322,381,433,477,543,722,966,871,880,1124
"Cambodia","KHM","GDP per capita (current US$)","NY.GDP.PCAP.CD",111,109,110,118,124,134,139,144,157,142,102,135,69,94,78,1959,2110,2353,2696,3157,3596,3498,3389,3286,3289,3331,4021,4721,5239,5394,6229,6437,6782,253,270,322,318,304,268,295,300,320,338,361,407,472,538,629,743,735,783,879
"Korea, Rep.","KOR","GDP per capita (current US$)","NY.GDP.PCAP.CD",156,91,104,142,120,105,129,156,193,237,292,317,339,426,589,646,875,1106,1468,1858,1778,1969,2076,2268,2474,2542,2906,3628,4813,5860,6642,7676,8140,8869,10275,12404,13255,12197,8134,10432,11948,11256,12789,14219,15922,18658,20917,23102,20475,18339,22151,24156
"Kuwait","KWT","GDP per capita (current US$)","NY.GDP.PCAP.CD",492,515,537,573,624,4349,4482,4168,4166,3991,3831,4803,5135,5836,13161,11437,11773,11971,12427,18814,20688,17253,14206,13158,13089,12359,9820,11663,10331,11835,8951,5485,6782,6437,6840,16610,19228,18001,14688,16254,19545,17533,18675,22842,27438,35694,42499,45159,54484,36755,37725,47551
"Lao PDR","LAO","GDP per capita (current US$)","NY.GDP.PCAP.CD",492,515,537,573,624,674,723,758,784,856,950,1040,1202,1495,1772,1959,2110,2353,2696,3157,3596,3498,3389,3286,491,643,469,279,149,173,204,235,251,287,325,363,377,345,248,277,324,326,320,363,418,476,591,711,900,948,1147,1301
"Lebanon","LBN","GDP per capita (current US$)","NY.GDP.PCAP.CD",492,515,537,573,624,674,723,758,784,856,950,1040,1202,1495,1772,1959,2110,2353,2696,3157,3596,3498,3389,3286,3289,3331,4021,4721,1242,1015,1050,1617,1965,2598,3227,3863,4458,5093,5539,5509,5335,5253,5437,5426,5424,5339,5372,6016,7016,8403,8764,9132
"Liberia","LBR","GDP per capita (current US$)","NY.GDP.PCAP.CD",170,161,164,167,179,183,190,198,205,222,228,234,246,251,308,355,356,390,404,445,452,431,424,391,392,387,381,443,478,368,183,168,110,80,65,65,73,125,141,161,183,174,177,133,149,168,178,210,231,302,327,379
"Libya","LBY","GDP per capita (current US$)","NY.GDP.PCAP.CD",492,515,537,573,624,674,723,758,784,856,950,1040,1202,1495,1772,1959,2110,2353,2696,3157,3596,3498,3389,3286,3289,3331,4021,4721,5239,5394,6572,7111,7371,6534,5978,5236,5610,6064,5287,6859,7170,6284,3712,4683,5808,8159,9304,11219,14232,10152,11934,5518
"Sri Lanka","LKA","GDP per capita (current US$)","NY.GDP.PCAP.CD",143,143,140,117,121,152,153,159,150,160,184,187,199,220,269,281,262,294,193,232,273,297,314,335,387,377,397,408,420,415,472,521,557,586,655,718,758,813,841,822,855,838,904,985,1063,1242,1424,1614,2011,2057,2747,3129
"Lesotho","LSO","GDP per capita (current US$)","NY.GDP.PCAP.CD",41,41,47,52,57,59,60,61,62,65,67,73,75,110,134,130,125,160,215,228,330,324,238,253,211,169,194,243,278,288,341,374,434,426,438,490,459,477,450,436,416,377,348,510,645,711,736,817,827,860,1088,1241
"Lithuania","LTU","GDP per capita (current US$)","NY.GDP.PCAP.CD",492,515,537,573,624,674,723,758,784,856,950,1040,1202,1495,1772,1959,2110,2353,2696,3157,3596,3498,3389,3286,3289,3331,4021,4721,5239,5394,6229,6437,6782,6437,6840,2169,2328,2831,3167,3114,3297,3530,4147,5506,6707,7863,9241,12298,14962,11837,11989,14367
"Luxembourg","LUX","GDP per capita (current US$)","NY.GDP.PCAP.CD",2242,2222,2312,2441,2756,2780,2900,2910,3175,3659,4494,4638,5737,7787,9375,9098,9923,10964,13628,15897,17284,14468,13165,12938,12680,13051,18977,23466,26369,27831,34990,37376,41374,41893,45935,53358,52397,46552,48056,51904,48992,47680,52241,64670,74971,79494,88680,104841,112851,101222,103267,113240
"Latvia","LVA","GDP per capita (current US$)","NY.GDP.PCAP.CD",492,515,537,573,624,674,723,758,784,856,950,1040,1202,1495,1772,1959,2110,2353,2696,3157,3596,3498,3389,3286,3289,3331,4021,4721,5239,5394,6229,6437,6782,6437,6840,2328,2428,2681,2976,3150,3351,3572,4129,5129,6345,7550,9652,14019,16324,12208,11320,13781
"Morocco","MAR","GDP per capita (current US$)","NY.GDP.PCAP.CD",165,159,181,196,201,206,196,203,212,232,245,265,302,364,438,501,522,588,688,806,1042,825,805,719,636,628,804,870,1017,1023,1146,1210,1228,1135,1263,1356,1488,1321,1401,1374,1265,1275,1352,1650,1867,1932,2108,2511,2906,2884,2858,3067
"Moldova","MDA","GDP per capita (current US$)","NY.GDP.PCAP.CD",492,515,537,573,624,674,723,758,784,856,950,1040,1202,1495,1772,1959,2110,2353,2696,3157,3596,3498,3389,3286,3289,3331,4021,4721,5239,5394,972,832,626,641,461,477,462,528,449,321,354,408,459,548,721,831,951,1230,1696,1526,1632,1971
"Madagascar","MDG","GDP per capita (current US$)","NY.GDP.PCAP.CD",132,134,138,138,143,144,152,158,166,165,169,177,193,231,261,301,280,294,323,407,462,400,382,371,303,286,317,243,225,223,267,223,247,267,228,235,288,247,253,244,246,279,263,317,246,276,293,379,472,417,414,456
"Mexico","MEX","GDP per capita (current US$)","NY.GDP.PCAP.CD",342,359,374,404,464,489,529,560,601,645,683,730,814,965,1218,1446,1422,1272,1553,1988,2803,3525,2395,2008,2319,2386,1640,1741,2227,2658,3069,3600,4080,5545,5691,3641,4132,4907,5039,5722,6650,6952,7024,6673,7115,7894,8666,9220,9579,7648,8851,9715
"Macedonia, FYR","MKD","GDP per capita (current US$)","NY.GDP.PCAP.CD",492,515,537,573,624,674,723,758,784,856,950,1040,1202,1495,1772,1959,2110,2353,2696,3157,3596,3498,3389,3286,3289,3331,4021,4721,5239,5394,2240,2361,1172,1298,1729,2278,2258,1897,1800,1837,1875,1835,1981,2432,2788,3064,3351,4064,4822,4566,4561,5080
"Mali","MLI","GDP per capita (current US$)","NY.GDP.PCAP.CD",492,515,537,573,624,674,723,48,59,58,60,71,79,90,85,128,142,156,179,229,248,213,181,172,160,178,233,259,265,262,316,314,318,309,222,281,281,265,280,274,240,265,272,349,399,426,460,519,614,610,611,681
"Myanmar","MMR","GDP per capita (current US$)","NY.GDP.PCAP.CD",492,515,537,573,624,674,723,758,784,856,950,1040,1202,1495,1772,1959,2110,2353,2696,3157,3596,3498,3389,3286,3289,3331,4021,4721,5239,5394,6229,6437,6782,6437,6840,7793,7990,7823,7865,8084,8027,7904,8376,9784,11169,12045,12925,14676,15729,14081,14827,16198
"Montenegro","MNE","GDP per capita (current US$)","NY.GDP.PCAP.CD",492,515,537,573,624,674,723,758,784,856,950,1040,1202,1495,1772,1959,2110,2353,2696,3157,3596,3498,3389,3286,3289,3331,4021,4721,5239,5394,6229,6437,6782,6437,6840,7793,7990,7823,7865,8084,1627,1910,2106,2789,3380,3675,4384,5957,7326,6698,6682,7319
"Mongolia","MNG","GDP per capita (current US$)","NY.GDP.PCAP.CD",492,515,537,573,624,674,723,758,784,856,950,1040,1202,1495,1772,1959,2110,2353,2696,3157,3596,1333,1436,1495,1122,1138,1465,1486,1533,1671,1172,1073,587,340,406,632,581,506,477,445,474,524,572,646,798,999,1334,1633,2138,1717,2650,3773
"Mozambique","MOZ","GDP per capita (current US$)","NY.GDP.PCAP.CD",492,515,537,573,624,674,723,758,784,856,950,1040,1202,1495,1772,1959,2110,2353,2696,3157,295,289,289,254,260,340,399,179,160,176,188,238,161,162,160,158,215,251,281,298,275,254,260,281,333,366,382,419,500,461,418,525
"Mauritania","MRT","GDP per capita (current US$)","NY.GDP.PCAP.CD",108,122,122,122,158,174,176,182,194,179,182,192,218,266,321,358,383,384,376,432,462,474,462,472,423,387,442,488,500,499,504,694,684,568,581,606,600,566,539,535,477,463,459,525,598,693,938,1009,1181,1046,1208,1391
"Malawi","MWI","GDP per capita (current US$)","NY.GDP.PCAP.CD",45,47,48,49,49,57,63,63,56,59,63,77,84,89,107,116,123,143,163,177,201,196,182,184,175,157,155,146,160,175,200,229,186,214,122,142,228,260,166,163,156,149,226,201,212,216,238,270,308,351,366,370
"Malaysia","MYS","GDP per capita (current US$)","NY.GDP.PCAP.CD",235,226,230,279,288,309,319,315,321,344,354,380,440,653,790,755,877,1019,1240,1571,1770,1763,1843,2033,2214,1979,1710,1927,2050,2194,2417,2627,3081,3396,3686,4280,4744,4586,3228,3457,4005,3879,4133,4431,4925,5564,6195,7241,8487,7312,9069,10428
"Namibia","NAM","GDP per capita (current US$)","NY.GDP.PCAP.CD",492,515,537,573,624,674,723,758,784,856,950,1040,1202,1495,1772,1959,2110,2353,2696,3157,2404,2184,2014,2134,1763,1406,1521,1853,1922,1872,1981,2055,2278,2064,2265,2383,2314,2334,2114,2056,2059,1837,1717,2490,3299,3582,3885,4196,4011,4124,5143,5540
"New Caledonia","NCL","GDP per capita (current US$)","NY.GDP.PCAP.CD",492,515,537,573,624,1763,1756,1866,2166,2530,3204,3447,4031,4220,4866,6163,5958,6159,6153,7561,8443,6818,6209,5540,5249,5535,7634,9272,12666,13092,14800,15133,16261,16641,16037,18721,18257,16342,15388,14612,12580,7904,8376,9784,11169,12045,12925,14676,15729,14081,14827,16198
"Niger","NER","GDP per capita (current US$)","NY.GDP.PCAP.CD",132,139,148,158,153,172,174,161,151,143,145,150,156,194,204,203,200,236,315,364,421,354,320,279,220,211,271,309,306,284,314,285,278,184,173,201,205,183,199,186,160,167,180,218,235,253,261,295,358,344,351,378
"Nigeria","NGA","GDP per capita (current US$)","NY.GDP.PCAP.CD",93,97,104,107,113,117,124,99,97,121,224,160,209,252,402,437,555,534,525,660,871,807,661,445,349,344,241,273,256,260,322,279,291,153,171,263,315,314,274,299,378,350,457,510,646,804,1015,1131,1377,1092,2315,2514
"Nicaragua","NIC","GDP per capita (current US$)","NY.GDP.PCAP.CD",128,133,143,153,173,274,286,300,307,322,325,335,345,416,561,566,637,749,694,496,660,740,714,780,861,724,760,992,663,250,244,351,414,397,855,898,917,917,952,981,1016,1044,1010,1016,1092,1175,1245,1351,1518,1479,1523,1680
"Netherlands","NLD","GDP per capita (current US$)","NY.GDP.PCAP.CD",1069,1159,1241,1328,1542,1708,1836,1991,2185,2446,2890,3335,4052,5277,6359,7242,7825,9050,11037,12635,13616,11373,10931,10544,9850,9799,13608,16496,17518,17176,21019,21455,23599,22827,24332,28885,28699,26405,27534,27952,25921,26584,28817,35245,39955,41577,44454,51241,56929,51900,50341,53537
"Norway","NOR","GDP per capita (current US$)","NY.GDP.PCAP.CD",1442,1560,1667,1776,1938,2164,2317,2514,2662,2875,3306,3736,4414,5690,6812,8204,8927,10266,11463,13047,15772,15513,15225,14928,14989,15754,18883,22506,24207,24281,28243,28597,30524,27964,29316,34875,37321,36629,34789,36371,38147,38550,43061,50112,57570,66775,74115,85129,96881,80018,87646,100575
"Nepal","NPL","GDP per capita (current US$)","NY.GDP.PCAP.CD",51,52,55,47,46,67,82,74,67,67,72,72,82,76,93,118,107,99,113,127,131,149,154,153,158,157,167,169,195,193,194,204,172,180,195,206,206,220,212,216,231,249,247,255,289,319,351,396,477,483,595,696
"New Zealand","NZL","GDP per capita (current US$)","NY.GDP.PCAP.CD",2313,2343,2449,2622,2814,2151,2191,2188,1885,2078,950,2773,3295,4323,4611,4172,4374,4951,5937,6668,7467,7814,7656,7598,6714,7601,9428,12331,13759,13312,13663,12230,11793,13094,15280,17400,18795,17474,14738,15322,13641,13883,16895,21941,25461,27834,26630,32382,30972,27999,33394,37897
"Oman","OMN","GDP per capita (current US$)","NY.GDP.PCAP.CD",492,515,537,573,624,101,106,162,278,343,354,402,473,599,1955,2377,2761,2803,2653,3419,5182,5947,5856,5829,6165,6677,4690,4820,4995,5380,6448,5993,6289,6046,6038,6297,6883,7110,6331,7059,8711,8560,8670,9070,10115,12399,14575,16226,22963,17519,19921,21164
"Pakistan","PAK","GDP per capita (current US$)","NY.GDP.PCAP.CD",83,88,90,94,104,116,124,138,147,153,173,178,152,100,135,170,194,213,243,261,303,348,368,333,349,338,335,339,379,384,372,411,428,442,434,495,504,485,471,466,535,512,501,565,652,714,877,954,1043,1010,1043,1231
"Panama","PAN","GDP per capita (current US$)","NY.GDP.PCAP.CD",367,397,420,452,471,502,531,574,600,640,669,734,784,872,969,1057,1094,1130,1307,1460,1926,2129,2298,2305,2353,2434,2475,2432,2058,2020,2150,2316,2579,2759,2883,2887,3335,3535,3755,3857,3837,3825,3903,4038,4349,4659,5072,6143,7112,7284,7959,9036
"Peru","PER","GDP per capita (current US$)","NY.GDP.PCAP.CD",249,273,300,320,376,433,498,491,442,481,542,589,636,741,910,1078,992,886,737,918,1017,1184,1164,905,897,824,742,985,719,1025,1178,1515,1547,1476,1850,2163,2208,2289,2164,1930,1967,1965,2046,2191,2445,2714,3144,3611,4245,4179,5056,5731
"Philippines","PHL","GDP per capita (current US$)","NY.GDP.PCAP.CD",254,267,157,168,176,187,200,207,225,242,187,201,211,258,343,361,403,450,506,596,685,732,742,645,594,566,535,579,644,705,715,715,814,816,939,1061,1160,1127,967,1088,1040,958,1001,1011,1080,1197,1395,1679,1929,1837,2145,2372
"Papua New Guinea","PNG","GDP per capita (current US$)","NY.GDP.PCAP.CD",117,122,128,133,144,159,177,196,210,232,265,287,333,490,537,483,523,553,639,733,792,756,698,734,712,659,702,813,923,874,774,889,1002,1110,1197,983,1065,993,743,664,655,559,531,610,661,799,886,993,1223,1211,1419,1839
"Poland","POL","GDP per capita (current US$)","NY.GDP.PCAP.CD",492,515,537,573,624,674,723,758,784,856,950,1040,1202,1495,1772,1959,2110,2353,2696,3157,3596,3498,3389,3286,3289,3331,4021,4721,5239,5394,1698,2193,2412,2449,2820,3612,4067,4076,4483,4351,4493,4981,5197,5693,6640,7976,9000,11248,13906,11441,12597,13891
"Puerto Rico","PRI","GDP per capita (current US$)","NY.GDP.PCAP.CD",718,777,855,932,1006,1111,1208,1335,1481,1662,1852,2044,2246,2432,2615,2738,2946,3209,3568,4025,4503,4921,5115,5218,5730,6008,6443,6938,7536,8063,8653,9064,9659,10212,10876,11579,12173,12818,14304,15221,16192,18244,18973,19820,20989,21959,22936,23665,24898,25769,26436,27219
"Korea, Dem. Rep.","PRK","GDP per capita (current US$)","NY.GDP.PCAP.CD",492,515,537,573,624,674,723,758,784,856,950,1040,1202,1495,1772,1959,2110,2353,2696,3157,3596,3498,3389,3286,3289,3331,4021,4721,5239,5394,6229,6437,6782,6437,6840,7793,7990,7823,7865,8084,8027,7904,8376,9784,11169,12045,12925,14676,15729,14081,14827,16198
"Portugal","PRT","GDP per capita (current US$)","NY.GDP.PCAP.CD",360,383,408,433,469,521,575,647,719,796,934,1065,1302,1748,2001,2128,2173,2268,2458,2756,3369,3246,3080,2736,2523,2705,3862,4804,5624,6057,7885,8960,10812,9536,9978,11783,12185,11578,12203,12475,11502,11729,12882,15773,18046,18785,19821,22780,24816,23064,22540,23195
"Paraguay","PRY","GDP per capita (current US$)","NY.GDP.PCAP.CD",492,515,537,573,624,184,189,197,203,213,222,240,269,334,440,484,538,651,780,1013,1287,1595,1505,1511,1140,808,911,972,1022,1121,1352,1615,1615,1596,1692,1903,2010,2001,1773,1615,1546,1417,1148,1175,1409,1507,1810,2312,3060,2600,3226,3983
"Qatar","QAT","GDP per capita (current US$)","NY.GDP.PCAP.CD",492,515,537,573,624,674,723,758,784,856,2760,3251,3914,5586,15635,15291,18901,19836,21102,27445,34996,34917,27401,20912,19645,16583,12686,12866,13563,14011,15448,14189,15615,14542,14892,16243,17699,21389,18693,21718,29926,28577,30523,35222,43347,53207,61594,67612,82990,61464,70870,89116
"Romania","ROU","GDP per capita (current US$)","NY.GDP.PCAP.CD",492,515,537,573,624,674,723,758,784,856,950,1040,1202,1495,1772,1959,2110,2353,2696,3157,3596,3498,3389,3286,3289,3331,4021,1659,1753,1790,1651,1261,1102,1158,1323,1564,1562,1564,1865,1610,1668,1840,2125,2775,3553,4676,5829,8214,10136,8220,8297,9200
"Russian Federation","RUS","GDP per capita (current US$)","NY.GDP.PCAP.CD",492,515,537,573,624,674,723,758,784,856,950,1040,1202,1495,1772,1959,2110,2353,2696,3157,3596,3498,3389,3286,3289,3331,4021,4721,5239,3429,3485,3485,3096,2929,2663,2666,2644,2738,1835,1331,1772,2100,2375,2975,4102,5323,6920,9101,11635,8563,10675,13324
"Rwanda","RWA","GDP per capita (current US$)","NY.GDP.PCAP.CD",41,41,41,41,41,46,38,47,49,52,59,58,62,71,73,131,142,161,189,223,244,265,256,261,270,280,303,320,340,332,351,270,302,313,126,219,227,285,282,240,216,201,196,213,237,287,337,398,492,530,554,607
"Saudi Arabia","SAU","GDP per capita (current US$)","NY.GDP.PCAP.CD",492,515,537,573,624,674,723,758,777,801,921,1179,1514,2232,6446,6296,8158,8943,9136,11998,16599,17457,13625,10798,9439,7776,6204,5853,5791,6030,7137,7776,7834,7387,7311,7556,8160,8329,7180,7729,8809,8316,8318,9186,10756,13274,14827,15947,19437,15655,18754,23256
"Sudan","SDN","GDP per capita (current US$)","NY.GDP.PCAP.CD",107,114,120,119,119,121,120,126,128,137,151,160,168,202,252,298,359,434,455,455,398,482,452,400,459,553,689,867,636,610,481,428,257,314,438,459,290,366,342,316,353,369,402,466,551,662,868,1081,1248,1183,1422,1596
"Senegal","SEN","GDP per capita (current US$)","NY.GDP.PCAP.CD",250,256,255,257,265,262,262,255,260,240,243,243,285,318,348,456,451,450,490,595,629,555,528,458,433,460,631,736,706,674,761,725,751,690,457,560,567,510,536,535,475,482,513,643,732,773,808,949,1095,1018,998,1081
"Solomon Islands","SLB","GDP per capita (current US$)","NY.GDP.PCAP.CD",492,515,537,573,624,674,723,173,187,185,950,301,235,308,454,386,414,448,516,679,732,785,764,708,962,858,756,832,1053,1096,970,999,1148,1210,1331,1446,1530,1495,1207,1202,1055,946,786,745,819,882,950,1049,1208,1161,1276,1649
"Sierra Leone","SLE","GDP per capita (current US$)","NY.GDP.PCAP.CD",148,148,153,154,162,154,159,145,135,165,173,164,179,217,239,246,211,240,326,368,357,353,402,302,322,247,137,190,278,241,165,198,173,197,236,227,246,221,173,170,157,256,280,295,294,321,360,400,454,435,446,491
"El Salvador","SLV","GDP per capita (current US$)","NY.GDP.PCAP.CD",492,515,537,573,624,274,282,289,290,294,309,315,327,364,411,454,549,680,708,770,781,739,720,732,754,772,756,783,819,843,914,998,1104,1270,1463,1700,1828,1956,2093,2158,2260,2363,2435,2550,2666,2874,3109,3358,3569,3431,3547,3821
"Somalia","SOM","GDP per capita (current US$)","NY.GDP.PCAP.CD",492,515,537,573,624,674,723,758,784,856,950,1040,1202,1495,1772,1959,2110,2353,2696,3157,3596,3498,3389,3286,3289,3331,4021,4721,5239,5394,6229,6437,6782,6437,6840,7793,7990,7823,7865,8084,8027,7904,8376,9784,11169,12045,12925,14676,15729,14081,14827,16198
"Serbia","SRB","GDP per capita (current US$)","NY.GDP.PCAP.CD",492,515,537,573,624,674,723,758,784,856,950,1040,1202,1495,1772,1959,2110,2353,2696,3157,3596,3498,3389,3286,3289,3331,4021,4721,5239,5394,6229,6437,6782,6437,6840,2197,2750,3179,2416,2441,870,1635,2149,2832,3331,3528,4130,5458,6702,5821,5412,6423
"Suriname","SUR","GDP per capita (current US$)","NY.GDP.PCAP.CD",324,330,338,350,374,418,502,566,613,636,666,726,775,829,1010,1282,1399,1775,2035,2162,2191,2447,2514,2419,2351,2351,2364,2552,2963,1356,951,1077,955,995,1382,1557,1897,2014,2014,1862,1856,1577,2218,2607,3033,3646,5296,5862,6973,7561,8431,8449
"Slovak Republic","SVK","GDP per capita (current US$)","NY.GDP.PCAP.CD",492,515,537,573,624,674,723,758,784,856,950,1040,1202,1495,1772,1959,2110,2353,2696,3157,3596,3498,3389,3286,3289,3331,4021,4721,5239,5394,2396,2680,2909,3089,3756,4799,5178,5138,5534,5637,5403,5708,6525,8697,10655,11631,13100,16015,18604,16460,16555,18139
"Slovenia","SVN","GDP per capita (current US$)","NY.GDP.PCAP.CD",492,515,537,573,624,674,723,758,784,856,950,1040,1202,1495,1772,1959,2110,2353,2696,3157,3596,3498,3389,3286,3289,3331,4021,4721,5239,5394,6229,6437,6782,6437,6840,10691,10801,10448,11165,11442,10228,10479,11814,14880,17261,18169,19726,23841,27502,24634,23439,24984
"Sweden","SWE","GDP per capita (current US$)","NY.GDP.PCAP.CD",1983,2147,2316,2493,2759,3008,3241,3491,3683,3972,4669,5060,5942,7198,7976,9975,10715,11287,12443,14667,16857,15367,13545,12430,12914,13474,17727,21485,24189,25300,30162,31374,32339,24081,25747,29914,32587,29898,30144,30577,29283,26969,29572,36961,42442,43085,46256,53324,55747,46207,52076,59594
"Swaziland","SWZ","GDP per capita (current US$)","NY.GDP.PCAP.CD",100,120,126,145,170,179,192,182,189,243,252,297,311,456,527,558,511,553,600,704,898,920,841,843,727,512,611,761,864,836,1292,1303,1415,1465,1503,1763,1628,1705,1533,1477,1433,1255,1131,1704,2211,2339,2636,2691,2617,2680,2957,4093
"Syrian Arab Republic","SYR","GDP per capita (current US$)","NY.GDP.PCAP.CD",187,199,227,237,256,273,241,274,294,364,336,392,448,458,706,903,976,952,1109,1148,1458,1673,1695,1766,1697,1538,1206,998,902,815,989,1013,1005,1010,726,795,936,957,976,994,1182,1264,1270,1261,1420,1592,1780,2080,15729,14081,14827,16198
"Chad","TCD","GDP per capita (current US$)","NY.GDP.PCAP.CD",104,109,115,117,121,126,128,131,130,132,129,135,153,166,163,211,208,220,257,227,229,190,177,172,185,203,204,215,265,249,292,305,296,223,174,207,222,206,225,191,166,197,221,293,455,660,712,801,929,804,896,988
"Togo","TGO","GDP per capita (current US$)","NY.GDP.PCAP.CD",77,79,82,88,100,110,122,125,124,132,120,131,149,176,238,256,251,309,320,337,418,342,282,253,229,234,315,360,385,367,430,412,425,302,235,306,334,333,343,332,266,266,287,317,357,379,384,428,523,509,496,572
"Thailand","THA","GDP per capita (current US$)","NY.GDP.PCAP.CD",101,107,114,118,126,138,161,167,175,187,192,194,209,270,332,352,391,445,529,590,683,721,743,798,818,747,813,936,1123,1295,1508,1717,1930,2213,2498,2856,3057,2480,1856,2044,2016,1897,2094,2349,2643,2874,3351,3963,4385,4231,5112,5539
"Tajikistan","TJK","GDP per capita (current US$)","NY.GDP.PCAP.CD",492,515,537,573,624,674,723,758,784,856,950,1040,1202,1495,1772,1959,2110,2353,2696,3157,3596,3498,3389,3286,3289,3331,4021,4721,5239,5394,496,468,346,293,236,213,178,155,220,178,139,172,191,238,311,340,407,524,712,672,744,841
"Turkmenistan","TKM","GDP per capita (current US$)","NY.GDP.PCAP.CD",492,515,537,573,624,674,723,758,784,856,950,1040,1202,1495,1772,1959,2110,2353,2696,3157,3596,3498,3389,3286,3289,3331,4021,698,859,854,881,848,824,796,625,593,558,565,593,551,645,777,970,1286,1456,1707,2140,2607,3919,4060,4393,5725
"Timor-Leste","TLS","GDP per capita (current US$)","NY.GDP.PCAP.CD",492,515,537,573,624,674,723,758,784,856,950,1040,1202,1495,1772,1959,2110,2353,2696,3157,3596,3498,3389,3286,3289,3331,4021,4721,5239,5394,6229,6437,6782,6437,6840,7793,7990,7823,7865,8084,434,522,496,487,484,501,465,552,673,780,876,1016
"Trinidad and Tobago","TTO","GDP per capita (current US$)","NY.GDP.PCAP.CD",631,676,704,760,788,807,787,823,815,831,869,938,1118,1332,2048,2415,2438,3019,3379,4305,5746,6342,7264,6818,6712,6299,4049,4014,3732,3562,4148,4231,4298,3682,3957,4246,4577,4551,4787,5384,6431,6936,7050,8805,10290,12323,14096,16530,21188,14509,15840,18287
"Tunisia","TUN","GDP per capita (current US$)","NY.GDP.PCAP.CD",492,515,537,573,624,214,220,225,246,256,281,324,423,507,645,772,785,868,987,1157,1370,1286,1209,1209,1172,1158,1204,1262,1285,1269,1507,1572,1825,1704,1779,2013,2155,2251,2336,2426,2248,2287,2374,2790,3140,3218,3394,3805,4343,4163,4177,4298
"Turkey","TUR","GDP per capita (current US$)","NY.GDP.PCAP.CD",508,284,309,350,369,385,445,483,527,573,491,457,560,688,930,1139,1279,1430,1553,2083,1567,1581,1403,1310,1246,1367,1509,1704,1743,2019,2791,2732,2839,3177,2269,2896,3052,3143,4390,4009,4215,3054,3571,4587,5856,7117,7727,9310,10382,8624,10112,10584
"Tanzania","TZA","GDP per capita (current US$)","NY.GDP.PCAP.CD",492,515,537,573,624,674,723,758,784,856,950,1040,1202,1495,1772,1959,2110,2353,2696,3157,3596,3498,3389,3286,3289,3331,4021,4721,219,184,172,194,174,156,160,181,217,251,298,301,308,306,310,326,348,446,476,533,658,665,709,740
"Uganda","UGA","GDP per capita (current US$)","NY.GDP.PCAP.CD",62,63,62,69,76,110,112,113,117,128,133,146,149,166,199,218,220,256,205,176,99,103,163,163,255,241,259,400,401,314,248,185,154,168,202,282,287,289,295,261,261,238,244,242,293,321,343,410,459,558,609,591
"Ukraine","UKR","GDP per capita (current US$)","NY.GDP.PCAP.CD",492,515,537,573,624,674,723,758,784,856,950,1040,1202,1495,1772,1959,2110,2353,2696,3157,3596,3498,3389,3286,3289,3331,4021,1249,1450,1598,1570,1490,1418,1258,1012,936,873,991,835,636,636,781,879,1049,1367,1829,2303,3069,3891,2545,2974,3570
"Uruguay","URY","GDP per capita (current US$)","NY.GDP.PCAP.CD",489,602,657,584,741,702,664,581,574,717,761,996,776,1405,1448,1250,1291,1440,1707,2480,3486,3764,3107,1716,1621,1571,1940,2416,2676,2732,2990,3578,4082,4720,5458,5984,6316,7328,7711,7247,6872,6281,4089,3622,4117,5221,5878,7010,9062,9415,11938,14167
"United States","USA","GDP per capita (current US$)","NY.GDP.PCAP.CD",3007,3067,3244,3375,3574,3828,4146,4336,4696,5032,5247,5623,6110,6741,7242,7820,8611,9471,10587,11696,12598,13993,14439,15561,17134,18269,19115,20101,21483,22922,23954,24405,25493,26465,27777,28782,30068,31573,32949,34621,36450,37274,38166,39677,41922,44308,46437,48062,48401,47002,48374,49781
"Uzbekistan","UZB","GDP per capita (current US$)","NY.GDP.PCAP.CD",492,515,537,573,624,674,723,758,784,856,950,1040,1202,1495,1772,1959,2110,2353,2696,3157,3596,3498,3389,3286,3289,3331,4021,4721,5239,5394,651,653,603,597,576,586,601,623,623,702,558,457,383,396,465,547,643,830,1023,1182,1377,1545
"Venezuela, RB","VEN","GDP per capita (current US$)","NY.GDP.PCAP.CD",1057,1055,1123,1168,962,977,992,995,1054,1062,1121,1212,1296,1539,2238,2351,2640,2997,3202,3734,4375,4790,4738,4729,3280,3309,3279,2459,3089,2174,2368,2544,2811,2733,2602,3375,3014,3715,3876,4078,4785,4928,3657,3234,4273,5436,6740,8325,11225,11535,13581,10755
"Vietnam","VNM","GDP per capita (current US$)","NY.GDP.PCAP.CD",492,515,537,573,624,674,723,758,784,856,950,1040,1202,1495,1772,1959,2110,2353,2696,3157,3596,3498,3389,3286,3289,239,437,594,402,97,98,143,144,189,230,288,337,361,361,374,433,449,477,531,607,699,797,919,1165,1232,1334,1543
"Vanuatu","VUT","GDP per capita (current US$)","NY.GDP.PCAP.CD",492,515,537,573,624,674,723,758,784,856,950,1040,1202,1495,1772,1959,2110,2353,2696,1059,981,833,808,886,1067,951,892,961,1066,1011,1080,1253,1263,1177,1335,1390,1427,1462,1473,1478,1470,1363,1354,1581,1788,1886,2047,2393,2698,2643,2966,3275
"West Bank and Gaza","PSE","GDP per capita (current US$)","NY.GDP.PCAP.CD",492,515,537,573,624,674,723,758,784,856,950,1040,1202,1495,1772,1959,2110,2353,2696,3157,3596,3498,3389,3286,3289,3331,4021,4721,5239,5394,6229,6437,6782,6437,1201,1326,1317,1389,1465,1500,1477,1337,1157,1255,1337,1456,1443,1576,1855,1963,2339,2665
"Yemen, Rep.","YEM","GDP per capita (current US$)","NY.GDP.PCAP.CD",492,515,537,573,624,674,723,758,784,856,950,1040,1202,1495,1772,1959,2110,2353,2696,3157,3596,3498,3389,3286,3289,3331,4021,4721,5239,5394,472,472,488,385,285,279,365,418,376,442,542,538,568,608,696,817,905,1181,1362,1240,1310,1282
"South Africa","ZAF","GDP per capita (current US$)","NY.GDP.PCAP.CD",423,431,448,485,519,555,592,646,684,755,811,874,897,1202,1477,1494,1404,1527,1720,2076,2921,3073,2764,2894,2792,2142,2475,3159,3399,3622,3182,3346,3557,3584,3650,3974,3690,3728,3288,3183,3099,2706,2535,3799,4892,5444,5660,6154,5812,5912,7390,8081
"Congo, Dem. Rep.","COD","GDP per capita (current US$)","NY.GDP.PCAP.CD",220,197,236,377,170,233,254,184,207,259,244,272,292,363,431,447,410,509,616,587,546,464,492,387,269,240,263,242,271,267,267,265,218,272,143,134,133,137,136,101,397,150,171,170,190,213,247,273,311,286,311,350
"Zambia","ZMB","GDP per capita (current US$)","NY.GDP.PCAP.CD",229,217,210,211,238,298,337,353,402,476,427,382,418,524,605,490,532,471,508,585,655,653,609,505,400,321,230,303,485,504,404,404,371,372,405,411,379,441,353,330,340,377,376,429,531,692,1030,1103,1366,1135,1456,1655
"Zimbabwe","ZWE","GDP per capita (current US$)","NY.GDP.PCAP.CD",281,283,279,280,284,297,281,296,304,347,362,405,480,574,667,708,678,663,640,736,916,1058,1084,947,745,636,676,707,792,814,838,803,613,583,600,609,720,707,524,554,535,538,500,448,451,443,415,398,327,594,674,769
