x,y,heat
4,92,0.0014
5,8,0.0099
5,92,0.0113
5,93,0.0042
6,9,0.0014
6,10,0.0198
6,11,0.0325
6,89,0.0057
6,90,0.0099
6,91,0.0226
6,93,0.0226
6,95,0.0014
6,96,0.0028
6,97,0.0071
6,98,0.0127
7,7,0.0396
7,8,0.0028
7,9,0.0269
7,10,0.1202
7,11,0.0339
7,27,0.0113
7,66,0.0368
7,67,0.0028
7,93,0.0311
7,94,0.0212
7,95,0.0240
7,96,0.0141
7,97,0.0014
7,99,0.0156
8,6,0.0085
8,7,0.1697
8,8,0.2065
8,9,0.0849
8,10,0.0028
8,11,0.0339
8,12,0.0028
8,27,0.0028
8,28,0.0028
8,29,0.0014
8,30,0.0057
8,31,0.0057
8,32,0.0014
8,33,0.0028
8,61,0.0283
8,77,0.0014
8,92,0.0014
8,93,0.0368
8,94,0.0552
8,95,0.0311
8,96,0.0042
8,97,0.0042
8,98,0.0113
9,5,0.0099
9,6,0.1782
9,7,0.0736
9,8,0.1782
9,9,0.2362
9,10,0.1004
9,11,0.1938
9,12,0.0156
9,24,0.0028
9,25,0.0014
9,26,0.0113
9,28,0.0071
9,32,0.0028
9,33,0.0057
9,34,0.0014
9,35,0.0071
9,36,0.0028
9,37,0.0057
9,38,0.0014
9,39,0.0028
9,40,0.0014
9,42,0.0028
9,60,0.0198
9,61,0.0014
9,67,0.0014
9,74,0.0014
9,75,0.0042
9,76,0.0028
9,77,0.0014
9,79,0.0014
9,84,0.0014
9,88,0.0014
9,91,0.0071
9,92,0.0806
9,93,0.1669
9,94,0.0693
9,95,0.0467
9,96,0.0269
9,97,0.0014
10,5,0.0014
10,6,0.0382
10,7,0.1542
10,8,0.1089
10,9,0.0707
10,10,0.0962
10,11,0.0622
10,12,0.0283
10,13,0.0226
10,19,0.0014
10,20,0.0057
10,21,0.0057
10,22,0.0042
10,23,0.0042
10,24,0.0042
10,32,0.0014
10,33,0.0071
10,35,0.0057
10,37,0.0028
10,38,0.0057
10,39,0.0042
10,40,0.0028
10,41,0.0028
10,42,0.0028
10,43,0.0014
10,44,0.0071
10,46,0.0028
10,47,0.0028
10,48,0.0014
10,59,0.1782
10,67,0.0028
10,74,0.0071
10,75,0.0057
10,76,0.0099
10,77,0.0141
10,78,0.0071
10,79,0.0014
10,80,0.0014
10,82,0.0014
10,85,0.0014
10,86,0.0028
10,87,0.0014
10,88,0.0042
10,90,0.0042
10,91,0.0679
10,92,0.1867
10,93,0.0085
10,94,0.0127
10,95,0.0679
10,96,0.1273
10,100,0.0014
11,5,0.0382
11,6,0.0198
11,7,0.0240
11,8,0.1528
11,9,0.0976
11,10,0.1782
11,11,0.3861
11,12,0.0693
11,13,0.0580
11,14,0.0198
11,15,0.0212
11,16,0.0085
11,17,0.0212
11,18,0.0085
11,19,0.0170
11,20,0.0085
11,21,0.0099
11,22,0.0085
11,23,0.0085
11,24,0.0085
11,25,0.0057
11,26,0.0071
11,28,0.0085
11,29,0.0042
11,30,0.0028
11,31,0.0071
11,32,0.0354
11,33,0.0099
11,34,0.0028
11,35,0.0085
11,36,0.0057
11,37,0.0127
11,38,0.0113
11,39,0.0170
11,40,0.0099
11,41,0.0014
11,42,0.0552
11,43,0.0042
11,44,0.0085
11,45,0.0014
11,46,0.0085
11,48,0.0014
11,49,0.0071
11,51,0.0071
11,52,0.0014
11,53,0.0042
11,59,0.0311
11,60,0.0622
11,62,0.0014
11,67,0.0028
11,68,0.0014
11,69,0.0212
11,70,0.0028
11,71,0.0085
11,72,0.0269
11,73,0.0396
11,74,0.0240
11,75,0.1075
11,76,0.0693
11,77,0.0778
11,78,0.0636
11,79,0.0071
11,84,0.0014
11,85,0.0042
11,86,0.0184
11,87,0.0297
11,88,0.0184
11,89,0.0042
11,90,0.0240
11,91,0.1400
11,92,0.0750
11,93,0.0071
11,94,0.0042
11,95,0.0085
11,96,0.1471
11,97,0.0028
11,98,0.0014
11,99,0.0014
12,5,0.0014
12,6,0.0523
12,7,0.0778
12,8,0.0354
12,9,0.0778
12,10,0.1754
12,11,0.1160
12,12,0.0849
12,13,0.0325
12,14,0.0156
12,15,0.0113
12,16,0.0099
12,17,0.0099
12,18,0.0071
12,19,0.0057
12,20,0.0566
12,21,0.0170
12,22,0.0113
12,23,0.0127
12,24,0.0156
12,25,0.0085
12,26,0.0198
12,27,0.0113
12,28,0.0127
12,29,0.0198
12,30,0.0156
12,31,0.0849
12,32,0.0679
12,36,0.0863
12,37,0.0750
12,38,0.0424
12,39,0.0339
12,40,0.0198
12,41,0.0283
12,42,0.0127
12,43,0.0127
12,44,0.0057
12,45,0.0057
12,46,0.0028
12,47,0.0127
12,48,0.0014
12,49,0.0085
12,50,0.0014
12,51,0.0057
12,52,0.0028
12,53,0.0071
12,54,0.0057
12,55,0.0240
12,56,0.0042
12,57,0.0057
12,58,0.0042
12,59,0.0099
12,60,0.0085
12,61,0.0042
12,62,0.0057
12,63,0.0057
12,64,0.0085
12,65,0.0057
12,66,0.0255
12,67,0.0127
12,68,0.0438
12,69,0.0156
12,70,0.0354
12,71,0.0368
12,72,0.0311
12,73,0.0495
12,74,0.3267
12,75,0.0750
12,76,0.0919
12,77,0.1231
12,78,0.1528
12,79,0.1259
12,80,0.2376
12,81,0.1202
12,82,0.1301
12,83,0.1033
12,84,0.1075
12,85,0.1330
12,86,0.1542
12,87,0.1372
12,88,0.1782
12,89,0.3182
12,90,0.2093
12,91,0.1443
12,92,0.1216
12,93,0.0212
12,94,0.0127
12,95,0.0269
12,96,0.1174
12,97,0.0736
12,98,0.0057
12,99,0.0014
12,100,0.0042
13,5,0.0014
13,6,0.0057
13,7,0.0042
13,8,0.0240
13,9,0.1117
13,10,0.0665
13,11,0.1839
13,12,0.0566
13,13,0.0255
13,14,0.0156
13,15,0.0127
13,16,0.0127
13,17,0.0085
13,18,0.0057
13,19,0.0057
13,22,0.0042
13,23,0.0042
13,25,0.0042
13,27,0.0014
13,28,0.0014
13,32,0.0226
13,33,0.0835
13,34,0.1669
13,35,0.0693
13,36,0.1655
13,37,0.0636
13,38,0.0863
13,39,0.0665
13,40,0.0622
13,41,0.0325
13,42,0.0679
13,43,0.0325
13,44,0.0608
13,45,0.0410
13,46,0.0255
13,47,0.0396
13,48,0.0580
13,49,0.0396
13,50,0.0226
13,51,0.0396
13,52,0.0453
13,53,0.0184
13,54,0.0226
13,55,0.0226
13,56,0.0127
13,57,0.0127
13,58,0.0170
13,59,0.0156
13,60,0.0099
13,61,0.0198
13,62,0.0156
13,63,0.0127
13,64,0.0226
13,65,0.0156
13,66,0.0240
13,67,0.0354
13,68,0.0325
13,69,0.0453
13,70,0.0566
13,71,0.0707
13,72,0.1188
13,73,0.1386
13,74,0.1669
13,75,0.1499
13,76,0.1273
13,77,0.1881
13,78,0.2107
13,79,0.2291
13,80,0.2235
13,81,0.2758
13,82,0.3989
13,83,0.4300
13,84,0.4866
13,85,0.4809
13,86,0.4724
13,87,0.5035
13,88,0.3932
13,89,0.3168
13,90,0.2617
13,91,0.2702
13,92,0.2504
13,93,0.1980
13,94,0.1372
13,95,0.1245
13,96,0.1287
13,97,0.1160
13,98,0.0679
13,99,0.0325
13,100,0.0226
13,101,0.0127
13,102,0.0071
13,105,0.0014
14,11,0.1075
14,12,0.0806
14,13,0.0269
14,14,0.0156
14,15,0.0057
14,16,0.0170
14,17,0.0113
14,18,0.0127
14,19,0.0127
14,20,0.0170
14,21,0.0113
14,22,0.0085
14,23,0.0113
14,24,0.0071
14,25,0.0014
14,33,0.0014
14,34,0.0057
14,35,0.0113
14,36,0.0156
14,37,0.0184
14,38,0.0212
14,39,0.0297
14,40,0.0396
14,41,0.0481
14,42,0.0354
14,43,0.0424
14,44,0.0537
14,45,0.0523
14,46,0.0495
14,47,0.0636
14,48,0.0509
14,49,0.1231
14,50,0.0750
14,51,0.0721
14,52,0.0962
14,53,0.0863
14,54,0.0976
14,55,0.0778
14,56,0.0806
14,57,0.0778
14,58,0.0636
14,59,0.0665
14,60,0.0721
14,61,0.0566
14,62,0.0651
14,63,0.0622
14,64,0.0636
14,65,0.1047
14,66,0.0948
14,67,0.0721
14,68,0.0679
14,69,0.0750
14,70,0.0820
14,71,0.1655
14,72,0.1556
14,73,0.1754
14,74,0.2405
14,75,0.2150
14,76,0.3310
14,77,0.2122
14,78,0.2263
14,79,0.3607
14,80,0.2942
14,81,0.3352
14,82,0.4413
14,83,0.6987
14,84,0.5714
14,85,0.5686
14,86,0.5446
14,87,0.5248
14,88,0.3791
14,89,0.4668
14,90,0.4498
14,91,0.3833
14,92,0.3550
14,93,0.3692
14,94,0.3310
14,95,0.3494
14,96,0.2730
14,97,0.2065
14,98,0.1485
14,99,0.1089
14,100,0.0523
14,101,0.0311
14,102,0.0156
14,103,0.0014
14,104,0.0028
14,105,0.0014
15,10,0.0071
15,11,0.0622
15,12,0.0255
15,13,0.0156
15,14,0.0042
15,15,0.0028
15,16,0.0042
15,17,0.0085
15,18,0.0141
15,19,0.0255
15,20,0.0057
15,21,0.0113
15,22,0.0057
15,23,0.0113
15,24,0.0071
15,25,0.0184
15,26,0.0184
15,27,0.0184
15,28,0.0170
15,29,0.0170
15,30,0.0226
15,31,0.0212
15,32,0.0269
15,33,0.0198
15,34,0.0325
15,35,0.0255
15,36,0.0255
15,37,0.0198
15,38,0.0240
15,39,0.0198
15,40,0.0198
15,41,0.0255
15,42,0.0198
15,43,0.0184
15,44,0.0240
15,45,0.0240
15,46,0.0184
15,47,0.0156
15,48,0.0198
15,49,0.0509
15,50,0.0042
15,51,0.0071
15,55,0.0156
15,56,0.0170
15,57,0.0240
15,58,0.0269
15,59,0.0198
15,60,0.0354
15,61,0.0255
15,62,0.0339
15,63,0.0255
15,64,0.0240
15,65,0.0339
15,66,0.0283
15,67,0.0297
15,68,0.0523
15,69,0.0537
15,70,0.0552
15,71,0.0990
15,72,0.1372
15,73,0.0863
15,74,0.3055
15,75,0.0792
15,76,0.1117
15,77,0.2956
15,78,0.1726
15,79,0.2489
15,80,0.2871
15,81,0.2659
15,82,0.3550
15,83,0.3890
15,84,0.4512
15,85,0.4257
15,86,0.4965
15,87,0.4710
15,88,0.4781
15,89,0.4356
15,90,0.4936
15,91,0.4003
15,92,0.4399
15,93,0.4540
15,94,0.4045
15,95,0.4837
15,96,0.4031
15,97,0.3253
15,98,0.3154
15,99,0.1839
15,100,0.1386
15,101,0.1103
15,102,0.0382
15,103,0.0113
15,104,0.0085
15,105,0.0057
15,106,0.0014
15,107,0.0014
16,10,0.0085
16,11,0.0537
16,12,0.0537
16,13,0.0240
16,14,0.0127
16,15,0.0042
16,20,0.0226
16,21,0.0028
16,25,0.0014
16,26,0.0014
16,27,0.0028
16,28,0.0014
16,29,0.0057
16,30,0.0028
16,31,0.0042
16,32,0.0042
16,33,0.0071
16,34,0.0028
16,35,0.0057
16,40,0.0014
16,43,0.0057
16,46,0.0028
16,48,0.0014
16,49,0.0085
16,50,0.0297
16,51,0.0127
16,52,0.0014
16,55,0.0028
16,56,0.0085
16,57,0.0057
16,58,0.0028
16,59,0.0934
16,60,0.0057
16,61,0.0057
16,62,0.0085
16,63,0.0099
16,64,0.0085
16,65,0.0099
16,66,0.0099
16,67,0.0212
16,68,0.0212
16,69,0.0481
16,70,0.0226
16,71,0.0523
16,72,0.0665
16,73,0.0099
16,75,0.0537
16,76,0.1061
16,77,0.1202
16,78,0.1867
16,79,0.1980
16,80,0.2348
16,81,0.2037
16,82,0.2815
16,83,0.3055
16,84,0.4130
16,85,0.3607
16,86,0.4498
16,87,0.2984
16,88,0.3296
16,89,0.3168
16,90,0.4540
16,91,0.3154
16,92,0.3635
16,93,0.3720
16,94,0.4229
16,95,0.4074
16,96,0.3975
16,97,0.4173
16,98,0.3706
16,99,0.3451
16,100,0.2362
16,101,0.1358
16,102,0.1075
16,103,0.0396
16,104,0.0170
16,105,0.0099
16,106,0.0028
16,107,0.0014
17,10,0.0071
17,11,0.0523
17,12,0.1330
17,13,0.0127
17,14,0.0212
17,15,0.0028
17,20,0.0028
17,21,0.0113
17,22,0.0071
17,23,0.0028
17,24,0.0071
17,25,0.0028
17,26,0.0014
17,27,0.0014
17,28,0.0042
17,29,0.0014
17,31,0.0028
17,32,0.0028
17,33,0.0028
17,34,0.0028
17,35,0.0014
17,39,0.0014
17,41,0.0014
17,42,0.0042
17,46,0.0184
17,47,0.0071
17,48,0.0014
17,49,0.0028
17,51,0.0014
17,52,0.0028
17,53,0.0127
17,54,0.0099
17,55,0.0085
17,56,0.0113
17,57,0.0071
17,58,0.0085
17,59,0.0099
17,60,0.0099
17,61,0.0240
17,62,0.0042
17,63,0.0028
17,64,0.0057
17,65,0.0028
17,66,0.0028
17,67,0.0071
17,68,0.0057
17,69,0.0127
17,70,0.0226
17,71,0.0311
17,72,0.0438
17,73,0.0509
17,74,0.0863
17,75,0.1584
17,76,0.0311
17,77,0.0453
17,78,0.0566
17,79,0.0636
17,80,0.1259
17,81,0.1344
17,82,0.1216
17,83,0.1853
17,84,0.2150
17,85,0.2801
17,86,0.3055
17,87,0.2900
17,88,0.1570
17,89,0.1627
17,90,0.0509
17,91,0.0170
17,92,0.0764
17,93,0.1782
17,94,0.2376
17,95,0.2786
17,96,0.3182
17,97,0.4342
17,98,0.3494
17,99,0.3409
17,100,0.2914
17,101,0.2588
17,102,0.1103
17,103,0.0919
17,104,0.0354
17,105,0.0170
17,106,0.0071
17,107,0.0028
17,108,0.0014
18,9,0.0028
18,10,0.0113
18,11,0.2136
18,12,0.0212
18,13,0.0099
18,14,0.0156
18,15,0.0170
18,20,0.0028
18,21,0.0028
18,22,0.0198
18,23,0.0014
18,25,0.0042
18,26,0.0071
18,27,0.0028
18,31,0.0042
18,32,0.0014
18,33,0.0014
18,39,0.0014
18,40,0.0014
18,41,0.0014
18,42,0.0014
18,50,0.0014
18,51,0.0014
18,52,0.0028
18,55,0.0014
18,56,0.0014
18,57,0.0028
18,58,0.0113
18,59,0.0042
18,60,0.0099
18,61,0.0156
18,62,0.0085
18,63,0.0042
18,64,0.0014
18,65,0.0042
18,66,0.0028
18,67,0.0042
18,68,0.0099
18,69,0.0141
18,70,0.0325
18,71,0.0212
18,72,0.0156
18,73,0.0552
18,74,0.0099
18,75,0.0057
18,76,0.0028
18,81,0.0212
18,82,0.0198
18,83,0.0339
18,86,0.0283
18,87,0.2645
18,88,0.1556
18,89,0.0622
18,90,0.0113
18,91,0.0693
18,92,0.1358
18,93,0.0354
18,94,0.0028
18,95,0.0368
18,96,0.0566
18,97,0.2207
18,98,0.3197
18,99,0.3253
18,100,0.3579
18,101,0.2730
18,102,0.1924
18,103,0.1301
18,104,0.0707
18,105,0.0311
18,106,0.0127
18,107,0.0085
18,108,0.0042
18,109,0.0014
18,110,0.0014
18,111,0.0014
19,9,0.0014
19,10,0.0184
19,11,0.0410
19,12,0.0184
19,13,0.0085
19,14,0.0042
19,15,0.0311
19,16,0.0042
19,19,0.0014
19,20,0.0028
19,23,0.0184
19,24,0.0071
19,25,0.0014
19,26,0.0028
19,28,0.0028
19,30,0.0028
19,31,0.0028
19,33,0.0014
19,34,0.0014
19,40,0.0028
19,41,0.0028
19,46,0.0028
19,48,0.0014
19,51,0.0014
19,61,0.0028
19,62,0.0141
19,63,0.0141
19,64,0.0014
19,65,0.0014
19,66,0.0170
19,67,0.0537
19,68,0.0212
19,69,0.0170
19,70,0.0028
19,71,0.0028
19,72,0.0156
19,74,0.0495
19,81,0.0297
19,82,0.0113
19,83,0.0255
19,86,0.0028
19,87,0.2065
19,88,0.2164
19,89,0.0269
19,90,0.0141
19,91,0.1103
19,92,0.0042
19,93,0.0099
19,94,0.0028
19,95,0.0014
19,96,0.0636
19,97,0.1471
19,98,0.2093
19,99,0.3692
19,100,0.4243
19,101,0.4017
19,102,0.2631
19,103,0.1768
19,104,0.0778
19,105,0.0552
19,106,0.0156
19,107,0.0099
19,108,0.0099
19,109,0.0014
20,9,0.0014
20,10,0.0269
20,11,0.0283
20,12,0.0141
20,13,0.0099
20,14,0.0057
20,15,0.0042
20,16,0.0325
20,18,0.0028
20,19,0.0014
20,20,0.0057
20,21,0.0028
20,23,0.0113
20,24,0.0071
20,25,0.0042
20,26,0.0014
20,28,0.0071
20,29,0.0028
20,30,0.0042
20,32,0.0042
20,33,0.0014
20,38,0.0014
20,39,0.0028
20,40,0.0028
20,63,0.0184
20,64,0.0042
20,65,0.0028
20,66,0.0170
20,72,0.0042
20,74,0.0014
20,81,0.0156
20,82,0.0085
20,83,0.0127
20,84,0.0014
20,86,0.0156
20,87,0.0622
20,88,0.2801
20,89,0.0141
20,90,0.1231
20,91,0.0283
20,92,0.0141
20,93,0.0156
20,94,0.0127
20,95,0.0495
20,96,0.1188
20,97,0.1457
20,98,0.0467
20,99,0.0438
20,100,0.2504
20,101,0.3918
20,102,0.3296
20,103,0.1938
20,104,0.1259
20,105,0.0594
20,106,0.0283
20,107,0.0184
20,108,0.0014
20,109,0.0042
20,110,0.0028
21,9,0.0014
21,10,0.2164
21,12,0.0141
21,13,0.0156
21,14,0.0071
21,15,0.0057
21,16,0.0198
21,17,0.0297
21,18,0.0014
21,22,0.0042
21,23,0.0057
21,24,0.0042
21,25,0.0127
21,26,0.0071
21,27,0.0042
21,28,0.0014
21,29,0.0014
21,30,0.0014
21,31,0.0014
21,33,0.0014
21,39,0.0057
21,46,0.0014
21,47,0.0014
21,49,0.0014
21,63,0.0198
21,64,0.0057
21,65,0.0212
21,66,0.0014
21,76,0.0028
21,81,0.0226
21,82,0.0184
21,83,0.0071
21,86,0.0424
21,87,0.0269
21,88,0.2560
21,89,0.1711
21,90,0.1216
21,91,0.0099
21,92,0.0212
21,93,0.0240
21,94,0.0481
21,95,0.0919
21,96,0.1612
21,97,0.0537
21,98,0.0071
21,99,0.0028
21,100,0.0325
21,101,0.3960
21,102,0.2928
21,103,0.2178
21,104,0.1287
21,105,0.0693
21,106,0.0580
21,107,0.0212
21,108,0.0127
21,109,0.0028
21,110,0.0028
22,9,0.0057
22,10,0.0467
22,12,0.0042
22,13,0.0156
22,14,0.0071
22,17,0.0085
22,18,0.0368
22,20,0.0014
22,21,0.0057
22,22,0.0014
22,24,0.0099
22,25,0.0057
22,26,0.0042
22,27,0.0156
22,28,0.0042
22,31,0.0028
22,32,0.0028
22,38,0.0042
22,39,0.0014
22,40,0.0014
22,46,0.0014
22,63,0.0325
22,64,0.0028
22,65,0.0198
22,78,0.0014
22,79,0.0014
22,81,0.0198
22,82,0.0184
22,83,0.0085
22,86,0.0255
22,87,0.0608
22,88,0.0622
22,89,0.2475
22,90,0.2008
22,91,0.0368
22,92,0.0495
22,93,0.0693
22,94,0.0849
22,95,0.0934
22,96,0.0622
22,98,0.0014
22,100,0.0085
22,101,0.1796
22,102,0.2772
22,103,0.2376
22,104,0.1386
22,105,0.0905
22,106,0.0849
22,107,0.0311
22,108,0.0156
22,109,0.0141
22,110,0.0057
22,112,0.0071
22,113,0.0042
23,9,0.0028
23,10,0.0467
23,11,0.0057
23,12,0.0156
23,13,0.0156
23,14,0.0028
23,15,0.0127
23,16,0.0014
23,17,0.0014
23,18,0.0085
23,19,0.0297
23,20,0.0099
23,21,0.0071
23,24,0.0071
23,25,0.0028
23,26,0.0028
23,27,0.0014
23,28,0.0085
23,30,0.0014
23,31,0.0028
23,38,0.0057
23,46,0.0014
23,48,0.0014
23,62,0.0014
23,63,0.0226
23,64,0.0339
23,81,0.0141
23,82,0.0127
23,83,0.0071
23,85,0.0028
23,86,0.0028
23,87,0.0679
23,88,0.0382
23,89,0.1061
23,90,0.1853
23,91,0.1471
23,92,0.1711
23,93,0.0608
23,94,0.0580
23,95,0.1047
23,96,0.0311
23,100,0.0113
23,101,0.1513
23,102,0.2801
23,103,0.2376
23,104,0.1683
23,105,0.1372
23,106,0.0594
23,107,0.0311
23,108,0.0382
23,109,0.0099
23,110,0.0028
23,112,0.0014
23,113,0.0014
23,115,0.0071
24,9,0.0099
24,10,0.0099
24,11,0.0255
24,12,0.0170
24,13,0.0042
24,14,0.0028
24,16,0.0071
24,17,0.0141
24,18,0.0014
24,19,0.0127
24,20,0.0113
24,21,0.0113
24,22,0.0113
24,23,0.0057
24,24,0.0028
24,25,0.0099
24,28,0.0085
24,29,0.0099
24,30,0.0014
24,31,0.0014
24,32,0.0014
24,37,0.0042
24,38,0.0014
24,47,0.0014
24,62,0.0014
24,63,0.0255
24,64,0.0127
24,80,0.0042
24,81,0.0240
24,82,0.0156
24,83,0.0057
24,86,0.0071
24,87,0.0226
24,88,0.0622
24,89,0.0481
24,90,0.1004
24,91,0.1358
24,92,0.0820
24,93,0.1047
24,94,0.0467
24,95,0.1004
24,96,0.0693
24,97,0.1740
24,98,0.0099
24,100,0.0113
24,101,0.0665
24,102,0.2093
24,103,0.2207
24,104,0.1570
24,105,0.0792
24,106,0.0835
24,107,0.0438
24,108,0.0297
24,109,0.0368
24,110,0.0028
24,113,0.0028
25,9,0.0156
25,10,0.0042
25,11,0.0424
25,12,0.0212
25,13,0.0071
25,14,0.0057
25,15,0.0085
25,16,0.0014
25,17,0.0085
25,18,0.0057
25,20,0.0226
25,21,0.0085
25,22,0.0028
25,23,0.0085
25,24,0.0099
25,25,0.1117
25,26,0.0085
25,28,0.0085
25,29,0.0057
25,30,0.0014
25,31,0.0071
25,37,0.0057
25,40,0.0014
25,46,0.0014
25,47,0.0014
25,62,0.0042
25,63,0.0368
25,80,0.0085
25,81,0.0170
25,82,0.0057
25,83,0.0071
25,86,0.0014
25,87,0.0368
25,88,0.0368
25,89,0.0212
25,90,0.0919
25,91,0.1117
25,92,0.0721
25,93,0.0311
25,94,0.0580
25,95,0.1160
25,98,0.0622
25,100,0.0028
25,101,0.0269
25,102,0.1782
25,103,0.2164
25,104,0.1881
25,105,0.1273
25,106,0.0665
25,107,0.0580
25,108,0.0410
25,109,0.0453
25,110,0.0141
25,113,0.0014
25,114,0.0014
25,115,0.0014
26,9,0.0099
26,11,0.0382
26,12,0.0141
26,13,0.0014
26,14,0.0014
26,15,0.0042
26,17,0.0028
26,18,0.0057
26,19,0.0028
26,20,0.0042
26,21,0.0212
26,22,0.0198
26,23,0.0014
26,25,0.0071
26,26,0.0240
26,27,0.0990
26,28,0.1768
26,29,0.0495
26,30,0.0099
26,36,0.0042
26,37,0.0014
26,45,0.0014
26,46,0.0014
26,61,0.0028
26,62,0.0042
26,63,0.0382
26,79,0.0014
26,80,0.0113
26,81,0.0170
26,82,0.0141
26,83,0.0014
26,84,0.0028
26,86,0.0014
26,87,0.0226
26,88,0.0057
26,89,0.0170
26,90,0.0255
26,91,0.0849
26,92,0.1216
26,93,0.0651
26,94,0.0721
26,95,0.0849
26,96,0.0170
26,98,0.0014
26,99,0.0028
26,100,0.0297
26,101,0.0127
26,102,0.1259
26,103,0.1839
26,104,0.1612
26,105,0.1825
26,107,0.0042
26,108,0.0608
26,109,0.0453
26,110,0.0141
26,112,0.0226
26,113,0.0042
26,114,0.0014
27,8,0.0099
27,9,0.0071
27,11,0.0424
27,12,0.0255
27,13,0.0042
27,15,0.0057
27,16,0.0028
27,17,0.0028
27,18,0.0014
27,19,0.0028
27,20,0.0014
27,22,0.0170
27,23,0.0071
27,26,0.0170
27,27,0.0014
27,28,0.0057
27,29,1.0000
27,30,0.0085
27,31,0.0071
27,35,0.0028
27,36,0.0042
27,40,0.0014
27,46,0.0014
27,61,0.0028
27,62,0.0057
27,63,0.0297
27,78,0.0014
27,80,0.0184
27,81,0.0184
27,82,0.0085
27,83,0.0014
27,88,0.0042
27,90,0.0028
27,91,0.0877
27,92,0.1047
27,93,0.0622
27,94,0.0636
27,95,0.0835
27,96,0.0141
27,99,0.0085
27,100,0.0198
27,101,0.0141
27,102,0.1132
27,103,0.1909
27,104,0.1881
27,105,0.2150
27,106,0.1146
27,107,0.0156
27,108,0.0665
27,109,0.0255
27,110,0.0198
27,111,0.0099
27,112,0.0014
27,113,0.0014
27,114,0.0071
27,115,0.0014
27,116,0.0042
28,8,0.0071
28,11,0.0382
28,12,0.0240
28,15,0.0042
28,16,0.0014
28,17,0.0014
28,18,0.0014
28,19,0.0057
28,20,0.0071
28,21,0.0028
28,22,0.0014
28,23,0.0354
28,24,0.0085
28,25,0.0014
28,26,0.0141
28,27,0.0014
28,29,0.0226
28,30,0.0127
28,31,0.0113
28,32,0.0085
28,33,0.0028
28,34,0.0014
28,35,0.0014
28,36,0.0014
28,45,0.0028
28,46,0.0014
28,60,0.0028
28,61,0.0085
28,62,0.0014
28,63,0.0311
28,78,0.0113
28,79,0.0014
28,80,0.0113
28,81,0.0339
28,82,0.0170
28,85,0.0014
28,86,0.0014
28,87,0.0212
28,88,0.0325
28,90,0.0057
28,91,0.0622
28,92,0.0736
28,93,0.1033
28,94,0.0778
28,95,0.0863
28,96,0.0354
28,100,0.0057
28,101,0.0028
28,102,0.0750
28,103,0.2645
28,104,0.1726
28,105,0.1938
28,106,0.1570
28,107,0.0382
28,108,0.0537
28,109,0.0368
28,110,0.0255
28,111,0.0028
28,113,0.0028
28,114,0.0014
29,8,0.0170
29,11,0.0424
29,12,0.0339
29,14,0.0014
29,15,0.0042
29,16,0.0028
29,18,0.0042
29,20,0.0028
29,21,0.0028
29,22,0.0057
29,23,0.0085
29,24,0.0156
29,25,0.0170
29,26,0.0071
29,27,0.0934
29,28,0.0382
29,29,0.0523
29,30,0.0948
29,31,0.0099
29,32,0.0057
29,33,0.0099
29,34,0.0042
29,35,0.0014
29,39,0.0014
29,45,0.0014
29,58,0.0028
29,61,0.0071
29,62,0.0028
29,63,0.0354
29,64,0.0028
29,65,0.0014
29,66,0.0014
29,79,0.0014
29,80,0.0212
29,81,0.0184
29,82,0.0071
29,83,0.0014
29,86,0.0014
29,87,0.0113
29,88,0.0184
29,89,0.0297
29,90,0.0580
29,91,0.0835
29,92,0.0552
29,93,0.0976
29,94,0.0764
29,95,0.0962
29,96,0.0127
29,102,0.0156
29,103,0.1810
29,104,0.1641
29,105,0.2079
29,106,0.0948
29,107,0.1004
29,108,0.0396
29,109,0.0665
29,110,0.0255
29,111,0.0057
29,114,0.0127
30,8,0.0240
30,11,0.0410
30,12,0.0325
30,15,0.0028
30,16,0.0028
30,18,0.0028
30,19,0.0014
30,22,0.0014
30,23,0.0141
30,24,0.0085
30,25,0.0184
30,26,0.2588
30,27,0.0113
30,28,0.0184
30,29,0.1853
30,30,0.1061
30,31,0.0679
30,32,0.0085
30,33,0.0057
30,34,0.0085
30,35,0.0042
30,45,0.0028
30,60,0.0099
30,61,0.0028
30,62,0.0014
30,63,0.0170
30,64,0.0368
30,65,0.0099
30,66,0.0042
30,67,0.0014
30,68,0.0014
30,79,0.0042
30,80,0.0198
30,81,0.0127
30,82,0.0099
30,83,0.0028
30,87,0.0042
30,88,0.0453
30,89,0.0198
30,90,0.0778
30,91,0.0509
30,92,0.0566
30,93,0.0665
30,94,0.0764
30,95,0.1089
30,96,0.0127
30,99,0.0014
30,100,0.0057
30,101,0.0113
30,102,0.0141
30,103,0.0976
30,104,0.1188
30,105,0.1499
30,106,0.0835
30,107,0.0792
30,108,0.0396
30,109,0.0198
30,110,0.0170
30,111,0.0057
30,112,0.0028
30,113,0.0028
31,8,0.0170
31,11,0.0566
31,12,0.0212
31,13,0.0042
31,15,0.0071
31,16,0.0042
31,17,0.0014
31,18,0.0028
31,21,0.0014
31,22,0.0014
31,23,0.0014
31,24,0.0028
31,25,0.0014
31,26,0.0057
31,27,0.0240
31,28,0.0212
31,29,0.0665
31,30,0.1089
31,31,0.1047
31,32,0.0283
31,33,0.0099
31,34,0.0071
31,35,0.0071
31,37,0.0014
31,45,0.0028
31,57,0.0028
31,58,0.0028
31,59,0.0057
31,60,0.0042
31,61,0.0071
31,62,0.0042
31,64,0.0057
31,65,0.0198
31,66,0.0311
31,67,0.0028
31,79,0.0057
31,80,0.0170
31,81,0.0085
31,82,0.0057
31,83,0.0014
31,86,0.0028
31,87,0.0042
31,88,0.0085
31,89,0.0113
31,90,0.0636
31,91,0.0523
31,92,0.0438
31,93,0.0481
31,94,0.0566
31,95,0.1089
31,96,0.0665
31,97,0.0071
31,99,0.0071
31,101,0.0028
31,102,0.0042
31,103,0.0552
31,104,0.1160
31,105,0.0736
31,106,0.0778
31,107,0.0608
31,108,0.0226
31,109,0.0113
31,110,0.0141
31,111,0.0014
32,7,0.0014
32,8,0.0085
32,9,0.0057
32,11,0.2065
32,12,0.0127
32,13,0.0255
32,15,0.0071
32,16,0.0042
32,17,0.0014
32,22,0.0028
32,26,0.0014
32,28,0.0255
32,29,0.0085
32,30,0.0665
32,31,0.1627
32,32,0.2291
32,33,0.0113
32,34,0.0113
32,35,0.0099
32,36,0.0085
32,37,0.0042
32,38,0.0014
32,45,0.0014
32,56,0.0014
32,57,0.0042
32,58,0.0057
32,60,0.0042
32,66,0.0071
32,67,0.0269
32,68,0.0297
32,79,0.0085
32,80,0.0184
32,81,0.0057
32,82,0.0085
32,83,0.0028
32,88,0.0071
32,89,0.0156
32,90,0.0184
32,91,0.0622
32,92,0.0552
32,93,0.0156
32,94,0.0481
32,95,0.0636
32,96,0.1004
32,97,0.0750
32,98,0.0198
32,99,0.0057
32,103,0.0368
32,104,0.1075
32,105,0.0877
32,106,0.0679
32,107,0.0467
32,108,0.0255
32,109,0.0156
32,110,0.0071
32,111,0.0028
33,8,0.0014
33,9,0.0042
33,10,0.0552
33,11,0.0071
33,13,0.0467
33,14,0.0014
33,15,0.0071
33,16,0.0042
33,17,0.0014
33,20,0.0028
33,21,0.0014
33,28,0.0453
33,29,0.0806
33,30,0.0198
33,31,0.1952
33,32,0.1259
33,33,0.0184
33,34,0.0325
33,35,0.0099
33,36,0.0071
33,37,0.0226
33,38,0.0014
33,45,0.0042
33,46,0.0014
33,55,0.0014
33,56,0.0028
33,57,0.0028
33,58,0.0028
33,66,0.0014
33,68,0.0453
33,69,0.0042
33,79,0.0141
33,80,0.0156
33,81,0.0127
33,82,0.0057
33,84,0.0014
33,85,0.0028
33,86,0.0014
33,87,0.0042
33,88,0.0085
33,89,0.0127
33,90,0.0424
33,91,0.0665
33,92,0.0495
33,93,0.0170
33,94,0.0438
33,95,0.0934
33,96,0.0693
33,97,0.0679
33,98,0.0693
33,99,0.0156
33,100,0.0057
33,101,0.0014
33,103,0.0240
33,104,0.1047
33,105,0.0424
33,106,0.0552
33,107,0.0495
33,108,0.0170
33,109,0.0085
33,110,0.0057
33,111,0.0014
34,8,0.0028
34,9,0.0184
34,10,0.0537
34,11,0.0042
34,13,0.0311
34,14,0.0014
34,15,0.0099
34,16,0.0014
34,18,0.0028
34,19,0.0014
34,28,0.0113
34,29,0.0240
34,30,0.0184
34,31,0.0283
34,32,0.0283
34,33,0.1245
34,34,0.0325
34,35,0.0014
34,36,0.0028
34,37,0.0113
34,38,0.0283
34,39,0.0014
34,45,0.0028
34,54,0.0014
34,55,0.0085
34,56,0.0042
34,57,0.0014
34,66,0.0042
34,69,0.0679
34,70,0.0184
34,79,0.0198
34,80,0.0085
34,81,0.0028
34,82,0.0071
34,85,0.0014
34,86,0.0014
34,88,0.0212
34,89,0.0198
34,90,0.0354
34,91,0.0608
34,92,0.0255
34,93,0.0481
34,94,0.0396
34,95,0.0764
34,96,0.0651
34,97,0.0651
34,98,0.0495
34,99,0.0537
34,100,0.0028
34,101,0.0028
34,103,0.0382
34,104,0.1273
34,105,0.0594
34,106,0.0736
34,107,0.0255
34,108,0.0141
34,109,0.0113
34,110,0.0014
35,9,0.0057
35,10,0.0537
35,11,0.0156
35,12,0.0085
35,13,0.0283
35,14,0.0255
35,15,0.0071
35,16,0.0042
35,17,0.0014
35,26,0.0014
35,27,0.0071
35,28,0.0028
35,29,0.0127
35,30,0.0042
35,31,0.0085
35,32,0.0240
35,33,0.0368
35,34,0.0354
35,35,0.0311
35,36,0.0099
35,38,0.0028
35,39,0.0240
35,40,0.0085
35,43,0.0014
35,45,0.0028
35,46,0.0014
35,53,0.0014
35,54,0.0071
35,69,0.0057
35,70,0.0453
35,78,0.0014
35,79,0.0240
35,80,0.0085
35,81,0.0127
35,82,0.0028
35,85,0.0014
35,88,0.0042
35,89,0.0255
35,90,0.0424
35,91,0.0368
35,92,0.0509
35,93,0.0721
35,94,0.0495
35,95,0.0622
35,96,0.1429
35,97,0.0792
35,98,0.0792
35,99,0.0750
35,100,0.0636
35,101,0.0071
35,102,0.0085
35,103,0.1386
35,104,0.0905
35,105,0.0453
35,106,0.0566
35,107,0.0269
35,108,0.0113
35,109,0.0057
36,9,0.0198
36,10,0.0537
36,11,0.0339
36,12,0.0410
36,13,0.0325
36,14,0.0099
36,15,0.0170
36,16,0.0014
36,25,0.0014
36,26,0.0014
36,27,0.0028
36,28,0.0057
36,29,0.0028
36,30,0.0099
36,31,0.0028
36,32,0.0424
36,33,0.0071
36,34,0.0438
36,35,0.0693
36,36,0.0141
36,37,0.0014
36,39,0.0028
36,40,0.0113
36,41,0.0170
36,42,0.0156
36,43,0.0156
36,44,0.0042
36,45,0.0042
36,46,0.0071
36,53,0.0057
36,54,0.0014
36,70,0.0750
36,71,0.0212
36,78,0.0014
36,79,0.0269
36,80,0.0071
36,81,0.0057
36,82,0.0057
36,85,0.0014
36,87,0.0085
36,88,0.0042
36,89,0.0297
36,90,0.0707
36,91,0.0622
36,92,0.0014
36,95,0.0014
36,96,0.0537
36,97,0.0934
36,98,0.0552
36,99,0.0509
36,100,0.0778
36,101,0.1117
36,102,0.1061
36,103,0.0905
36,104,0.0665
36,105,0.0665
36,106,0.0453
36,107,0.0396
36,108,0.0156
36,109,0.0014
36,110,0.0014
37,9,0.0085
37,10,0.0269
37,11,0.0736
37,12,0.1132
37,13,0.0255
37,14,0.0113
37,15,0.0057
37,23,0.0014
37,24,0.0014
37,25,0.0057
37,26,0.0042
37,27,0.0014
37,28,0.0042
37,29,0.0014
37,30,0.0057
37,31,0.0057
37,32,0.0014
37,33,0.0113
37,34,0.0198
37,35,0.0269
37,36,0.0622
37,37,0.0240
37,39,0.0014
37,40,0.0057
37,41,0.0028
37,44,0.0113
37,45,0.0141
37,46,0.0141
37,47,0.0156
37,48,0.0071
37,49,0.0014
37,50,0.0042
37,51,0.0071
37,52,0.0071
37,53,0.0014
37,70,0.0523
37,71,0.0269
37,78,0.0071
37,79,0.0226
37,80,0.0071
37,81,0.0099
37,82,0.0028
37,85,0.0085
37,87,0.0099
37,88,0.0368
37,89,0.0552
37,90,0.0849
37,91,0.0113
37,95,0.0028
37,96,0.0014
37,97,0.0849
37,98,0.0679
37,99,0.0736
37,100,0.0877
37,101,0.0863
37,102,0.0707
37,103,0.0467
37,104,0.0778
37,105,0.1033
37,106,0.0396
37,107,0.0764
37,108,0.0085
37,109,0.0057
37,110,0.0113
38,9,0.0127
38,10,0.0453
38,11,0.0608
38,12,0.0537
38,13,0.0325
38,14,0.0042
38,15,0.0057
38,18,0.0014
38,20,0.0014
38,22,0.0014
38,23,0.0014
38,26,0.0014
38,27,0.0028
38,28,0.0028
38,31,0.0127
38,32,0.0057
38,33,0.0014
38,34,0.0382
38,35,0.0057
38,36,0.0325
38,37,0.0467
38,38,0.0170
38,39,0.0057
38,40,0.0028
38,41,0.0085
38,42,0.0071
38,43,0.0113
38,44,0.0057
38,45,0.0071
38,46,0.0127
38,47,0.0184
38,48,0.0453
38,49,0.0283
38,50,0.0141
38,51,0.0014
38,52,0.0042
38,70,0.0042
38,71,0.0495
38,78,0.0198
38,79,0.0099
38,80,0.0141
38,81,0.0042
38,82,0.0014
38,83,0.0014
38,86,0.0170
38,89,0.0382
38,90,0.0891
38,93,0.0014
38,94,0.0170
38,95,0.0170
38,96,0.0085
38,97,0.0849
38,98,0.1499
38,99,0.1174
38,100,0.1033
38,101,0.0919
38,102,0.0778
38,103,0.0665
38,104,0.0877
38,105,0.0764
38,106,0.0636
38,107,0.0325
38,108,0.0170
38,109,0.0028
38,110,0.0042
39,9,0.0071
39,10,0.0198
39,11,0.0721
39,12,0.0283
39,13,0.0453
39,14,0.0085
39,15,0.0071
39,16,0.0042
39,17,0.0042
39,18,0.0028
39,19,0.0028
39,21,0.0028
39,22,0.0014
39,23,0.0014
39,24,0.0085
39,25,0.0042
39,26,0.0014
39,28,0.0028
39,29,0.0028
39,30,0.0014
39,31,0.0057
39,32,0.0042
39,33,0.0028
39,34,0.0014
39,35,0.0028
39,36,0.0057
39,37,0.0283
39,38,0.0608
39,39,0.0141
39,40,0.0014
39,42,0.0042
39,43,0.0028
39,44,0.0014
39,45,0.0042
39,46,0.0113
39,47,0.0085
39,49,0.0071
39,50,0.0453
39,51,0.0113
39,52,0.0085
39,53,0.0014
39,61,0.0170
39,70,0.0042
39,71,0.0184
39,72,0.0396
39,73,0.0042
39,77,0.0085
39,78,0.0495
39,79,0.2079
39,80,0.0085
39,81,0.0113
39,82,0.0085
39,86,0.0042
39,89,0.0453
39,90,0.0580
39,93,0.0014
39,94,0.0141
39,95,0.0962
39,96,0.1160
39,97,0.1301
39,98,0.1641
39,99,0.1711
39,100,0.1103
39,101,0.0608
39,102,0.0368
39,103,0.0495
39,104,0.0750
39,105,0.0651
39,106,0.0269
39,107,0.0184
39,108,0.0170
39,109,0.0057
39,110,0.0042
40,8,0.0014
40,9,0.0071
40,10,0.0311
40,11,0.1358
40,12,0.1033
40,13,0.0198
40,14,0.0014
40,15,0.0028
40,19,0.0028
40,20,0.0042
40,21,0.0042
40,22,0.0042
40,23,0.0042
40,24,0.0014
40,26,0.0014
40,28,0.0057
40,31,0.0057
40,32,0.0042
40,33,0.0042
40,34,0.0014
40,38,0.0170
40,39,0.0537
40,40,0.0071
40,41,0.0028
40,42,0.0028
40,43,0.0028
40,44,0.0042
40,45,0.0028
40,46,0.0014
40,47,0.0099
40,50,0.0410
40,51,0.0240
40,52,0.0438
40,53,0.0141
40,54,0.0028
40,60,0.0028
40,61,0.0014
40,70,0.0028
40,71,0.0071
40,72,0.0396
40,73,0.0184
40,74,0.0099
40,75,0.0085
40,76,0.0127
40,77,0.0226
40,78,0.0042
40,79,0.0113
40,80,0.0042
40,81,0.0014
40,82,0.0071
40,86,0.0042
40,89,0.0665
40,90,0.0255
40,94,0.0042
40,95,0.0509
40,96,0.0467
40,97,0.0806
40,98,0.0877
40,99,0.0778
40,100,0.0566
40,101,0.0085
40,104,0.0424
40,105,0.0594
40,106,0.0255
40,107,0.0240
40,108,0.0156
40,109,0.0127
40,110,0.0028
41,7,0.0014
41,9,0.0156
41,10,0.0382
41,11,0.1598
41,12,0.0325
41,13,0.0255
41,14,0.0071
41,15,0.0014
41,16,0.0014
41,17,0.0014
41,19,0.0028
41,22,0.0042
41,23,0.0057
41,24,0.0028
41,25,0.0042
41,26,0.0226
41,27,0.0028
41,28,0.0127
41,29,0.0014
41,30,0.0014
41,31,0.0071
41,32,0.0057
41,33,0.0028
41,34,0.0014
41,35,0.0028
41,37,0.0028
41,38,0.0028
41,39,0.0226
41,40,0.0523
41,41,0.0156
41,42,0.0014
41,43,0.0028
41,44,0.0085
41,45,0.0071
41,47,0.0085
41,51,0.0014
41,52,0.0156
41,53,0.0212
41,54,0.0382
41,55,0.0071
41,58,0.0028
41,59,0.0028
41,60,0.0042
41,61,0.0071
41,62,0.0014
41,70,0.0141
41,71,0.0141
41,72,0.0325
41,73,0.0608
41,74,0.0382
41,75,0.0113
41,76,0.0283
41,77,0.0297
41,78,0.0085
41,79,0.0113
41,80,0.0127
41,81,0.0113
41,82,0.0141
41,88,0.0014
41,89,0.0778
41,90,0.0014
41,94,0.0042
41,95,0.0057
41,96,0.0170
41,97,0.0481
41,98,0.0750
41,99,0.0410
41,100,0.0424
41,104,0.0198
41,105,0.0693
41,106,0.0311
41,107,0.0113
41,108,0.0184
41,109,0.0042
41,110,0.0014
42,8,0.0014
42,9,0.0184
42,10,0.0184
42,11,0.1103
42,12,0.0877
42,13,0.0099
42,14,0.0028
42,17,0.0014
42,18,0.0014
42,21,0.0085
42,22,0.0014
42,24,0.0028
42,26,0.0028
42,28,0.0057
42,30,0.0028
42,31,0.0028
42,32,0.0141
42,33,0.0071
42,34,0.0042
42,36,0.0014
42,37,0.0014
42,39,0.0042
42,40,0.0269
42,41,0.0537
42,42,0.0127
42,43,0.0028
42,44,0.0099
42,45,0.0042
42,46,0.0057
42,47,0.0057
42,53,0.0057
42,54,0.0156
42,55,0.0325
42,56,0.0269
42,57,0.0085
42,58,0.0085
42,60,0.0028
42,61,0.0057
42,62,0.0014
42,69,0.0071
42,70,0.0198
42,74,0.0240
42,75,0.0170
42,76,0.0339
42,77,0.0226
42,78,0.0283
42,79,0.0113
42,80,0.0057
42,81,0.0099
42,82,0.0099
42,89,0.0948
42,93,0.0113
42,96,0.0240
42,97,0.0269
42,98,0.0396
42,99,0.0325
42,100,0.0014
42,104,0.0240
42,105,0.0453
42,106,0.0212
42,107,0.0099
42,108,0.0184
42,109,0.0085
42,110,0.0042
42,114,0.0014
42,116,0.0014
43,9,0.0198
43,10,0.0283
43,11,0.0835
43,12,0.0354
43,13,0.0170
43,14,0.0042
43,15,0.0057
43,16,0.0014
43,17,0.0014
43,19,0.0014
43,20,0.0014
43,21,0.0042
43,22,0.0028
43,23,0.0014
43,28,0.0113
43,31,0.0057
43,32,0.0184
43,35,0.0014
43,40,0.0014
43,41,0.0467
43,42,0.0594
43,43,0.0113
43,44,0.0057
43,45,0.0071
43,46,0.0099
43,47,0.0042
43,53,0.0028
43,54,0.0028
43,55,0.0099
43,56,0.0212
43,57,0.0240
43,58,0.0212
43,59,0.0071
43,60,0.0099
43,61,0.0099
43,68,0.0057
43,69,0.0198
43,73,0.0042
43,74,0.0269
43,75,0.0269
43,76,0.0255
43,77,0.0184
43,78,0.0255
43,79,0.0453
43,80,0.0240
43,81,0.0311
43,82,0.0396
43,83,0.0156
43,89,0.0962
43,92,0.0057
43,93,0.0184
43,96,0.0226
43,97,0.0156
43,98,0.0523
43,99,0.0255
43,100,0.0014
43,104,0.0071
43,105,0.0665
43,106,0.0170
43,107,0.0255
43,108,0.0099
43,109,0.0057
44,9,0.0042
44,10,0.0396
44,11,0.1132
44,12,0.0424
44,13,0.0141
44,14,0.0042
44,16,0.0028
44,17,0.0014
44,19,0.0099
44,20,0.0028
44,28,0.0057
44,31,0.0042
44,32,0.0141
44,33,0.0057
44,38,0.0014
44,39,0.0099
44,40,0.0014
44,41,0.0014
44,42,0.0339
44,43,0.0537
44,44,0.0184
44,45,0.0028
44,46,0.0085
44,47,0.0057
44,56,0.0042
44,57,0.0057
44,58,0.0453
44,59,0.0297
44,60,0.0297
44,61,0.0071
44,62,0.0127
44,66,0.0071
44,67,0.0127
44,68,0.0099
44,73,0.0141
44,74,0.0311
44,75,0.0368
44,76,0.0523
44,77,0.0679
44,78,0.0750
44,79,0.0523
44,80,0.1188
44,81,0.0835
44,82,0.0863
44,83,0.0693
44,84,0.0523
44,85,0.0721
44,86,0.0523
44,87,0.0707
44,88,0.0651
44,89,0.0467
44,93,0.0127
44,96,0.0339
44,97,0.0778
44,98,0.0311
44,99,0.0269
44,100,0.0042
44,103,0.0071
44,104,0.0071
44,105,0.0552
44,106,0.0212
44,107,0.0113
44,108,0.0170
44,109,0.0042
44,110,0.0042
44,116,0.0014
44,117,0.0156
45,9,0.0156
45,10,0.0354
45,11,0.0594
45,12,0.0537
45,13,0.0085
45,14,0.0028
45,17,0.0042
45,18,0.0071
45,28,0.0042
45,29,0.0071
45,30,0.0014
45,31,0.0141
45,32,0.0226
45,38,0.0028
45,42,0.0014
45,43,0.0212
45,44,0.0552
45,45,0.0255
45,46,0.0085
45,47,0.0141
45,56,0.0339
45,57,0.0028
45,58,0.0156
45,59,0.0212
45,60,0.0622
45,61,0.0325
45,62,0.0891
45,63,0.0269
45,64,0.0198
45,65,0.0226
45,66,0.0042
45,67,0.0113
45,72,0.0198
45,73,0.0410
45,74,0.0707
45,75,0.0580
45,76,0.0566
45,77,0.0099
45,81,0.0042
45,82,0.0269
45,83,0.0495
45,84,0.0255
45,85,0.0113
45,86,0.0028
45,87,0.0042
45,88,0.0226
45,93,0.0042
45,94,0.0141
45,95,0.0170
45,96,0.0127
45,97,0.0141
45,98,0.0085
45,99,0.0127
45,104,0.0085
45,105,0.0424
45,106,0.0226
45,107,0.0127
45,108,0.0212
45,109,0.0014
45,110,0.0014
45,114,0.0028
46,9,0.0057
46,10,0.0382
46,11,0.0934
46,12,0.0537
46,13,0.0240
46,14,0.0014
46,15,0.0014
46,16,0.0057
46,17,0.0042
46,29,0.0028
46,31,0.0127
46,32,0.0297
46,37,0.0028
46,38,0.0042
46,43,0.0057
46,44,0.0339
46,45,0.0424
46,46,0.0226
46,47,0.0113
46,48,0.0170
46,58,0.0014
46,61,0.0028
46,62,0.0990
46,63,0.0424
46,64,0.0467
46,65,0.0467
46,66,0.0212
46,67,0.0170
46,70,0.0113
46,71,0.0354
46,72,0.0467
46,73,0.0764
46,74,0.1414
46,75,0.0594
46,76,0.0042
46,83,0.0099
46,84,0.0325
46,85,0.0269
46,86,0.0042
46,87,0.0028
46,88,0.0255
46,93,0.0028
46,94,0.0085
46,95,0.0226
46,96,0.0057
46,97,0.0170
46,98,0.0212
46,99,0.0141
46,103,0.0014
46,104,0.0085
46,105,0.0651
46,106,0.0240
46,107,0.0099
46,108,0.0212
46,109,0.0028
46,110,0.0071
47,9,0.0113
47,10,0.0354
47,11,0.0665
47,12,0.0255
47,13,0.0198
47,15,0.0014
47,16,0.0042
47,27,0.0057
47,28,0.0014
47,29,0.0014
47,30,0.0071
47,31,0.0113
47,32,0.0170
47,33,0.0113
47,36,0.0028
47,37,0.0014
47,43,0.0057
47,44,0.0071
47,45,0.0269
47,46,0.0622
47,47,0.0311
47,48,0.0156
47,49,0.0042
47,52,0.0014
47,60,0.0014
47,62,0.0099
47,65,0.0566
47,66,0.0467
47,67,0.0509
47,68,0.0523
47,69,0.0523
47,70,0.0438
47,71,0.0339
47,72,0.0382
47,73,0.0622
47,74,0.0283
47,75,0.0255
47,85,0.0297
47,86,0.0354
47,87,0.0240
47,88,0.0014
47,93,0.0028
47,94,0.0212
47,95,0.0042
47,96,0.0141
47,97,0.0113
47,98,0.0198
47,99,0.0170
47,100,0.0028
47,101,0.0057
47,102,0.0099
47,103,0.0071
47,104,0.0071
47,105,0.0325
47,106,0.0184
47,107,0.0113
47,108,0.0127
47,109,0.0042
47,110,0.0028
47,111,0.0014
47,114,0.0028
48,9,0.0113
48,10,0.0240
48,11,0.0764
48,12,0.0410
48,13,0.0113
48,14,0.0113
48,15,0.0071
48,29,0.0028
48,30,0.0057
48,31,0.0170
48,32,0.0028
48,33,0.0212
48,34,0.0127
48,36,0.0057
48,43,0.0042
48,44,0.0042
48,45,0.0184
48,46,0.0325
48,47,0.0736
48,48,0.0339
48,49,0.0467
48,52,0.0198
48,57,0.0014
48,58,0.0085
48,65,0.0509
48,66,0.0636
48,67,0.0523
48,68,0.0240
48,69,0.0325
48,70,0.0127
48,71,0.0198
48,72,0.0240
48,73,0.0311
48,74,0.0127
48,86,0.0424
48,87,0.0240
48,93,0.0028
48,94,0.0212
48,95,0.0042
48,96,0.0085
48,97,0.0170
48,98,0.0113
48,99,0.0198
48,101,0.0071
48,102,0.0057
48,103,0.0085
48,104,0.0085
48,105,0.0580
48,106,0.0113
48,107,0.0297
48,108,0.0071
48,109,0.0028
48,110,0.0014
48,114,0.0014
49,9,0.0028
49,10,0.0354
49,11,0.0594
49,12,0.0283
49,13,0.0071
49,14,0.0042
49,29,0.0014
49,30,0.0071
49,31,0.0141
49,32,0.0156
49,33,0.0057
49,34,0.0141
49,35,0.0113
49,43,0.0057
49,44,0.0141
49,45,0.0042
49,46,0.0141
49,47,0.0269
49,48,0.0934
49,49,0.0736
49,50,0.0354
49,52,0.0297
49,53,0.0028
49,54,0.0014
49,55,0.0071
49,56,0.0184
49,57,0.0071
49,58,0.0042
49,59,0.0113
49,60,0.0099
49,61,0.0184
49,62,0.0325
49,63,0.0778
49,64,0.0622
49,65,0.0297
49,66,0.0226
49,67,0.0424
49,68,0.0325
49,69,0.0240
49,70,0.0339
49,71,0.0184
49,72,0.0212
49,73,0.0170
49,74,0.0014
49,86,0.0354
49,87,0.0311
49,92,0.0028
49,93,0.0339
49,94,0.0085
49,96,0.0311
49,97,0.0127
49,98,0.0240
49,99,0.0141
49,100,0.0014
49,101,0.0099
49,102,0.0028
49,104,0.0057
49,105,0.0552
49,106,0.0283
49,107,0.0099
49,108,0.0170
49,109,0.0028
49,110,0.0057
49,114,0.0028
50,9,0.0184
50,10,0.0552
50,11,0.1457
50,12,0.0594
50,13,0.0057
50,29,0.0042
50,30,0.0240
50,31,0.0085
50,32,0.0354
50,33,0.0028
50,34,0.0424
50,35,0.0156
50,36,0.0184
50,37,0.0028
50,38,0.0014
50,42,0.0028
50,43,0.0042
50,44,0.0071
50,45,0.0042
50,46,0.0184
50,47,0.0523
50,48,0.0438
50,49,0.1358
50,50,0.4158
50,51,0.0636
50,52,0.0368
50,53,0.0523
50,54,0.0297
50,55,0.0339
50,56,0.0099
50,57,0.0141
50,58,0.0354
50,59,0.0396
50,60,0.0424
50,61,0.0410
50,62,0.0184
50,63,0.0099
50,64,0.0057
50,67,0.0127
50,68,0.0396
50,69,0.0283
50,70,0.0226
50,71,0.0212
50,72,0.0481
50,73,0.0028
50,79,0.0071
50,80,0.0057
50,81,0.0057
50,82,0.0042
50,83,0.0127
50,84,0.0382
50,85,0.0438
50,86,0.0269
50,87,0.0382
50,88,0.0071
50,93,0.0325
50,96,0.0170
50,97,0.0156
50,98,0.0099
50,99,0.0240
50,100,0.0255
50,103,0.0014
50,104,0.0057
50,105,0.0537
50,106,0.0170
50,107,0.0057
50,108,0.0156
50,109,0.0014
50,114,0.0014
50,115,0.0014
51,9,0.0042
51,10,0.0255
51,11,0.0424
51,12,0.0325
51,29,0.0014
51,30,0.0184
51,31,0.0184
51,32,0.0311
51,36,0.0156
51,37,0.0071
51,38,0.0014
51,41,0.0014
51,42,0.0028
51,43,0.0170
51,44,0.0071
51,45,0.0071
51,46,0.0014
51,47,0.0509
51,48,0.0071
51,49,0.0099
51,50,0.1499
51,51,0.1528
51,52,0.1330
51,53,0.1033
51,54,0.0495
51,55,0.0297
51,56,0.0212
51,57,0.0651
51,58,0.0325
51,59,0.0042
51,60,0.0014
51,66,0.0071
51,67,0.0339
51,68,0.0325
51,69,0.0156
51,70,0.0212
51,71,0.0297
51,72,0.0212
51,79,0.0297
51,80,0.0537
51,81,0.0212
51,82,0.0339
51,83,0.0382
51,84,0.0354
51,85,0.0226
51,86,0.0141
51,87,0.0085
51,88,0.0368
51,90,0.0014
51,93,0.0269
51,94,0.0057
51,95,0.0255
51,96,0.0212
51,97,0.0198
51,98,0.0283
51,99,0.0156
51,104,0.0028
51,105,0.0537
51,106,0.1018
51,107,0.0057
51,108,0.0099
51,109,0.0028
51,110,0.0014
51,115,0.0028
52,9,0.0141
52,10,0.0368
52,11,0.0608
52,12,0.0552
52,29,0.0240
52,30,0.0240
52,31,0.0240
52,32,0.0071
52,33,0.0071
52,36,0.0240
52,37,0.0071
52,38,0.0042
52,39,0.0071
52,40,0.0014
52,42,0.0028
52,43,0.0170
52,47,0.0396
52,48,0.0099
52,50,0.1061
52,51,0.1542
52,52,0.1598
52,53,0.1315
52,54,0.0792
52,55,0.0651
52,56,0.0495
52,57,0.0240
52,65,0.0156
52,66,0.0339
52,67,0.0127
52,68,0.0156
52,69,0.0297
52,70,0.0198
52,71,0.0438
52,80,0.0721
52,81,0.0255
52,82,0.0099
52,83,0.0283
52,84,0.0721
52,85,0.0240
52,86,0.0255
52,87,0.0099
52,88,0.0453
52,89,0.0198
52,90,0.0099
52,91,0.0198
52,92,0.0311
52,93,0.0410
52,94,0.0071
52,95,0.0113
52,96,0.0269
52,97,0.0170
52,98,0.0071
52,99,0.0212
52,105,0.0438
52,106,0.0255
52,107,0.0085
52,108,0.0184
52,109,0.0014
52,110,0.0028
52,112,0.0226
52,113,0.0113
52,114,0.0014
53,9,0.0057
53,10,0.0481
53,11,0.0693
53,12,0.0410
53,28,0.0014
53,29,0.1018
53,30,0.0580
53,31,0.0198
53,32,0.0283
53,33,0.0240
53,34,0.0141
53,35,0.0085
53,36,0.0212
53,37,0.0042
53,38,0.2574
53,39,0.0028
53,40,0.0042
53,41,0.0057
53,42,0.0028
53,43,0.0141
53,47,0.0113
53,48,0.1061
53,49,0.0523
53,50,0.1344
53,51,0.1726
53,52,0.2376
53,53,0.1980
53,54,0.2023
53,55,0.1287
53,56,0.0962
53,57,0.0184
53,58,0.0014
53,63,0.0127
53,64,0.0156
53,65,0.0368
53,66,0.0156
53,67,0.0184
53,68,0.0127
53,69,0.0368
53,70,0.0255
53,71,0.0410
53,72,0.0014
53,80,0.0424
53,81,0.0085
53,82,0.0156
53,83,0.0736
53,84,0.0226
53,85,0.0495
53,86,0.0156
53,87,0.0085
53,88,0.0170
53,89,0.0707
53,90,0.0240
53,91,0.0693
53,92,0.0113
53,93,0.0071
53,94,0.0028
53,95,0.0212
53,96,0.0113
53,97,0.0071
53,98,0.0156
53,99,0.0141
53,105,0.0552
53,106,0.0297
53,107,0.0057
53,108,0.0085
53,109,0.0014
53,110,0.0014
53,111,0.0057
53,112,0.0042
54,9,0.0184
54,10,0.1160
54,11,0.0679
54,12,0.0467
54,13,0.0085
54,28,0.0495
54,29,0.0339
54,30,0.0311
54,31,0.0170
54,32,0.0255
54,33,0.0042
54,34,0.0226
54,35,0.0198
54,36,0.0453
54,37,0.0099
54,38,0.0113
54,39,0.0085
54,40,0.0085
54,41,0.0099
54,42,0.0071
54,43,0.0226
54,44,0.0170
54,45,0.0141
54,46,0.0127
54,47,0.0085
54,48,0.0170
54,49,0.1033
54,50,0.1499
54,51,0.1810
54,52,0.1825
54,53,0.3211
54,54,0.3140
54,55,0.2645
54,56,0.1754
54,57,0.0806
54,59,0.0028
54,60,0.0042
54,61,0.0170
54,62,0.0156
54,63,0.0255
54,64,0.0184
54,65,0.0226
54,66,0.0170
54,67,0.0028
54,69,0.0354
54,70,0.0467
54,71,0.0226
54,81,0.0057
54,82,0.0141
54,83,0.0184
54,84,0.0127
54,85,0.0085
54,86,0.0184
54,87,0.0255
54,88,0.0354
54,89,0.0368
54,90,0.0354
54,91,0.0255
54,92,0.0198
54,93,0.0382
54,94,0.0085
54,95,0.0057
54,96,0.0057
54,97,0.0113
54,98,0.0113
54,99,0.0198
54,105,0.0509
54,106,0.0156
54,107,0.0170
54,108,0.0156
54,109,0.0042
54,110,0.0014
54,111,0.0014
55,9,0.0184
55,10,0.0566
55,11,0.0934
55,12,0.0438
55,13,0.0042
55,14,0.0057
55,15,0.0042
55,28,0.0552
55,29,0.0014
55,30,0.0014
55,32,0.0014
55,36,0.0453
55,37,0.0990
55,38,0.0283
55,39,0.0141
55,40,0.0085
55,41,0.0127
55,42,0.0382
55,43,0.0028
55,46,0.0099
55,47,0.0042
55,48,0.0028
55,49,0.0339
55,50,0.0736
55,51,0.1867
55,52,0.2687
55,53,0.3310
55,54,0.4257
55,55,0.4088
55,56,0.4144
55,57,0.1980
55,58,0.0905
55,59,0.0269
55,60,0.0255
55,61,0.0255
55,62,0.0198
55,63,0.0240
55,64,0.0269
55,65,0.0099
55,69,0.0750
55,70,0.1641
55,71,0.0339
55,81,0.0396
55,82,0.0071
55,83,0.0071
55,84,0.0198
55,85,0.0085
55,86,0.0141
55,87,0.0099
55,88,0.0170
55,89,0.0255
55,90,0.0382
55,91,0.0240
55,92,0.0113
55,93,0.0085
55,94,0.0141
55,95,0.0127
55,96,0.0057
55,97,0.0071
55,98,0.0127
55,99,0.0198
55,105,0.1315
55,106,0.0410
55,107,0.0028
55,108,0.0085
55,110,0.0014
55,111,0.0014
56,9,0.0113
56,10,0.0410
56,11,0.0467
56,12,0.0410
56,15,0.0028
56,16,0.0071
56,17,0.0042
56,18,0.0269
56,19,0.0028
56,28,0.0028
56,29,0.0057
56,36,0.0396
56,42,0.0226
56,43,0.0071
56,44,0.0014
56,46,0.0014
56,47,0.0085
56,48,0.0127
56,49,0.0085
56,50,0.0453
56,51,0.1216
56,52,0.2447
56,53,0.4696
56,54,0.5700
56,55,0.8232
56,56,0.5502
56,57,0.4003
56,58,0.1895
56,59,0.0835
56,60,0.0396
56,61,0.0255
56,62,0.0127
56,63,0.0283
56,64,0.0057
56,69,0.1117
56,70,0.0552
56,71,0.0368
56,81,0.0042
56,82,0.0184
56,83,0.0170
56,84,0.0170
56,85,0.0071
56,86,0.0071
56,87,0.0042
56,88,0.0028
56,89,0.0014
56,90,0.0028
56,91,0.0495
56,92,0.0071
56,93,0.0141
56,94,0.0085
56,95,0.0057
56,96,0.0057
56,97,0.0099
56,98,0.0113
56,99,0.0198
56,100,0.0127
56,105,0.0410
56,106,0.0226
56,107,0.0085
56,108,0.0099
56,109,0.0042
56,110,0.0042
57,9,0.0240
57,10,0.0849
57,11,0.0665
57,12,0.0636
57,17,0.0028
57,18,0.0057
57,36,0.0523
57,37,0.0707
57,38,0.0028
57,42,0.0240
57,43,0.0014
57,44,0.0057
57,48,0.0184
57,49,0.0127
57,50,0.0594
57,51,0.1216
57,52,0.1754
57,53,0.4059
57,54,0.7185
57,55,0.7496
57,56,0.7539
57,57,0.6789
57,58,0.3720
57,59,0.1909
57,60,0.0693
57,61,0.0240
57,62,0.0368
57,63,0.0071
57,64,0.0014
57,68,0.0099
57,69,0.0651
57,70,0.0396
57,71,0.0212
57,73,0.0028
57,81,0.0057
57,82,0.0184
57,83,0.0382
57,87,0.0014
57,88,0.0057
57,91,0.0736
57,92,0.0240
57,93,0.0113
57,94,0.0184
57,96,0.0014
57,97,0.1330
57,98,0.0127
57,99,0.0057
57,100,0.0269
57,101,0.0014
57,104,0.0099
57,105,0.0537
57,106,0.0099
57,107,0.0057
57,108,0.0184
57,109,0.0042
57,110,0.0014
58,9,0.0099
58,10,0.0495
58,11,0.0467
58,12,0.0212
58,13,0.0537
58,14,0.0028
58,19,0.0085
58,21,0.0127
58,37,0.0099
58,38,0.0622
58,39,0.0028
58,41,0.0085
58,42,0.0141
58,43,0.0057
58,44,0.0028
58,45,0.0184
58,46,0.0071
58,47,0.0014
58,48,0.0255
58,49,0.0283
58,50,0.0325
58,51,0.0750
58,52,0.0707
58,53,0.0820
58,54,0.2093
58,55,0.5757
58,56,0.6365
58,57,0.8331
58,58,0.4880
58,59,0.3324
58,60,0.1853
58,61,0.0707
58,62,0.0057
58,63,0.0042
58,67,0.0042
58,68,0.0297
58,69,0.0212
58,70,0.0283
58,71,0.0184
58,72,0.0014
58,81,0.0198
58,82,0.0184
58,83,0.0099
58,90,0.0099
58,91,0.0368
58,92,0.0240
58,93,0.0198
58,94,0.0113
58,95,0.0014
58,96,0.0014
58,97,0.0042
58,98,0.0014
58,99,0.0057
58,100,0.0099
58,101,0.0170
58,102,0.0071
58,103,0.0028
58,104,0.0127
58,105,0.0396
58,106,0.0354
58,107,0.0028
58,108,0.0099
58,109,0.0042
58,110,0.0028
59,9,0.0141
59,10,0.0750
59,11,0.0594
59,13,0.0311
59,14,0.0085
59,20,0.0057
59,22,0.0014
59,27,0.0354
59,36,0.0014
59,37,0.0014
59,38,0.0339
59,39,0.0736
59,40,0.0113
59,41,0.0240
59,42,0.0099
59,43,0.0071
59,44,0.0099
59,45,0.0099
59,46,0.0255
59,47,0.0269
59,48,0.0339
59,49,0.0156
59,50,0.0099
59,51,0.0297
59,54,0.0014
59,55,0.1839
59,56,0.5573
59,57,0.5318
59,58,0.5912
59,59,0.5728
59,60,0.2857
59,61,0.1881
59,66,0.0014
59,67,0.0325
59,68,0.0269
59,69,0.0184
59,70,0.0311
59,71,0.0212
59,79,0.0156
59,80,0.0509
59,81,0.0184
59,82,0.0099
59,83,0.0085
59,89,0.0057
59,90,0.0085
59,91,0.0283
59,92,0.0778
59,93,0.0198
59,94,0.0141
59,95,0.0099
59,96,0.0113
59,97,0.0141
59,98,0.0099
59,99,0.0028
59,100,0.0099
59,101,0.0198
59,102,0.0057
59,103,0.0014
59,104,0.0170
59,105,0.0509
59,106,0.0156
59,108,0.0156
59,109,0.0028
59,110,0.0014
60,9,0.0113
60,10,0.0467
60,11,0.0976
60,13,0.0170
60,14,0.0424
60,21,0.0057
60,22,0.0042
60,24,0.0014
60,25,0.0113
60,26,0.0085
60,27,0.0057
60,34,0.0014
60,35,0.0014
60,36,0.1457
60,37,0.0806
60,38,0.0453
60,39,0.1004
60,40,0.0424
60,41,0.0552
60,42,0.0085
60,43,0.0198
60,44,0.0255
60,45,0.0184
60,46,0.0085
60,47,0.0042
60,48,0.0057
60,49,0.0028
60,50,0.0212
60,51,0.0099
60,54,0.0028
60,55,0.0721
60,56,0.2772
60,57,0.5644
60,58,0.6888
60,59,0.6351
60,60,0.4894
60,61,0.2942
60,62,0.1018
60,63,0.0071
60,65,0.0028
60,66,0.0283
60,67,0.0184
60,68,0.0113
60,69,0.0424
60,70,0.0127
60,71,0.0354
60,74,0.0014
60,75,0.0028
60,76,0.0085
60,77,0.0156
60,78,0.0141
60,79,0.0141
60,80,0.0226
60,81,0.0113
60,82,0.0014
60,83,0.0127
60,84,0.0057
60,85,0.0028
60,87,0.0028
60,88,0.0467
60,89,0.0891
60,90,0.0099
60,91,0.0057
60,92,0.0311
60,93,0.0750
60,94,0.0085
60,95,0.0141
60,96,0.0057
60,97,0.0071
60,98,0.0042
60,100,0.0014
60,101,0.0014
60,102,0.0255
60,103,0.0057
60,104,0.0226
60,105,0.0806
60,106,0.0141
60,107,0.0028
60,108,0.0170
60,109,0.0028
60,110,0.0028
61,9,0.0127
61,10,0.0509
61,11,0.0410
61,12,0.0198
61,13,0.0085
61,14,0.0622
61,15,0.0057
61,22,0.0028
61,23,0.0042
61,24,0.0014
61,25,0.0099
61,26,0.0057
61,27,0.0057
61,36,0.0806
61,37,0.0141
61,38,0.0184
61,39,0.0736
61,40,0.0764
61,41,0.0156
61,42,0.0198
61,43,0.0099
61,46,0.0085
61,47,0.0014
61,48,0.0127
61,49,0.0042
61,50,0.0240
61,51,0.0085
61,54,0.0014
61,55,0.0156
61,56,0.1216
61,57,0.2786
61,58,0.5347
61,59,0.6676
61,60,0.7355
61,61,0.5912
61,62,0.1796
61,63,0.0891
61,64,0.0368
61,65,0.0354
61,66,0.0283
61,67,0.0297
61,68,0.0156
61,69,0.0141
61,70,0.0085
61,71,0.0608
61,72,0.1033
61,73,0.0622
61,74,0.0325
61,75,0.0212
61,76,0.0184
61,77,0.0170
61,78,0.0099
61,79,0.0325
61,80,0.0410
61,81,0.0113
61,82,0.0071
61,83,0.0113
61,85,0.0141
61,86,0.0269
61,87,0.0099
61,88,0.0099
61,89,0.1273
61,90,0.0467
61,91,0.0198
61,92,0.0410
61,93,0.0523
61,94,0.0240
61,95,0.0113
61,96,0.0113
61,102,0.0184
61,103,0.0113
61,104,0.0057
61,105,0.0552
61,106,0.0113
61,107,0.0014
61,108,0.0127
61,109,0.0014
61,110,0.0071
62,9,0.0099
62,10,0.0608
62,11,0.0325
62,12,0.0085
62,13,0.0028
62,14,0.0198
62,15,0.0311
62,16,0.0028
62,17,0.0156
62,23,0.0014
62,24,0.0099
62,25,0.0042
62,26,0.0042
62,27,0.0085
62,36,0.0099
62,38,0.0226
62,39,0.0863
62,40,0.0580
62,41,0.0156
62,48,0.0028
62,49,0.0156
62,50,0.0085
62,51,0.0184
62,54,0.0042
62,55,0.0127
62,56,0.0552
62,57,0.1273
62,58,0.4328
62,59,0.7157
62,60,0.8190
62,61,0.6620
62,62,0.2433
62,63,0.0905
62,64,0.0523
62,65,0.0255
62,66,0.0269
62,67,0.0184
62,68,0.0184
62,69,0.0170
62,70,0.0028
62,71,0.0057
62,72,0.0156
62,73,0.1004
62,74,0.0424
62,75,0.0368
62,76,0.0297
62,77,0.0071
62,78,0.0085
62,79,0.0042
62,80,0.0113
62,81,0.0042
62,82,0.0453
62,83,0.0212
62,85,0.0014
62,87,0.0014
62,88,0.0170
62,89,0.0396
62,90,0.0127
62,91,0.0042
62,92,0.0693
62,93,0.0212
62,94,0.0198
62,96,0.0170
62,98,0.0028
62,103,0.0325
62,104,0.0198
62,105,0.1018
62,106,0.1372
62,107,0.0028
62,108,0.0184
62,109,0.0042
63,9,0.0099
63,10,0.0509
63,11,0.0339
63,12,0.0099
63,13,0.0099
63,14,0.0141
63,15,0.0184
63,16,0.0127
63,17,0.0113
63,18,0.0014
63,24,0.0057
63,25,0.0099
63,26,0.0156
63,27,0.0085
63,28,0.0014
63,37,0.0014
63,38,0.0028
63,39,0.0891
63,40,0.0481
63,43,0.0014
63,48,0.0057
63,49,0.0226
63,50,0.0141
63,51,0.0057
63,54,0.0057
63,55,0.0085
63,56,0.0255
63,57,0.0156
63,58,0.2306
63,59,0.6535
63,60,0.8190
63,61,0.5629
63,62,0.3479
63,63,0.1386
63,64,0.0721
63,65,0.0198
63,66,0.0198
63,67,0.0198
63,68,0.0099
63,69,0.0226
63,70,0.0141
63,71,0.0113
63,72,0.0453
63,73,0.0396
63,74,0.0311
63,75,0.0099
63,76,0.0014
63,77,0.0212
63,78,0.0113
63,79,0.0141
63,80,0.0042
63,81,0.0028
63,82,0.0226
63,83,0.0127
63,88,0.0707
63,90,0.0042
63,91,0.0014
63,92,0.0354
63,93,0.0283
63,94,0.0212
63,95,0.0057
63,96,0.0127
63,97,0.0028
63,103,0.0198
63,104,0.0283
63,105,0.1075
63,108,0.0071
63,109,0.0071
63,110,0.0184
63,111,0.0170
64,8,0.0028
64,9,0.0127
64,10,0.0693
64,11,0.0382
64,12,0.0156
64,13,0.0099
64,14,0.0113
64,15,0.0099
64,16,0.0184
64,17,0.0127
64,18,0.0028
64,19,0.0014
64,20,0.0071
64,24,0.0014
64,25,0.0057
64,26,0.0099
64,27,0.0085
64,28,0.0071
64,29,0.0014
64,39,0.0990
64,40,0.0382
64,48,0.0198
64,49,0.0099
64,50,0.0057
64,51,0.0014
64,53,0.0014
64,54,0.0057
64,55,0.0071
64,56,0.0099
64,58,0.0226
64,59,0.3946
64,60,0.5573
64,61,0.4738
64,62,0.3437
64,63,0.1994
64,64,0.0948
64,65,0.0325
64,66,0.0198
64,67,0.0085
64,68,0.0099
64,69,0.0113
64,70,0.0042
64,73,0.0184
64,74,0.0693
64,75,0.0127
64,77,0.0042
64,78,0.0099
64,79,0.0099
64,80,0.0057
64,81,0.0014
64,82,0.0042
64,83,0.0552
64,84,0.0085
64,85,0.0212
64,87,0.0141
64,88,0.1188
64,91,0.0198
64,92,0.0226
64,93,0.0099
64,94,0.0071
64,95,0.0170
64,96,0.0382
64,97,0.0071
64,99,0.0028
64,102,0.0127
64,103,0.0198
64,104,0.0156
64,105,0.0891
64,108,0.0283
64,109,0.0170
64,111,0.0014
65,9,0.0127
65,10,0.0438
65,11,0.0226
65,12,0.0127
65,13,0.0099
65,14,0.0127
65,15,0.0113
65,16,0.0226
65,17,0.0127
65,18,0.0014
65,19,0.0042
65,25,0.0042
65,26,0.0099
65,27,0.0099
65,28,0.0014
65,37,0.0580
65,38,0.0057
65,39,0.0750
65,40,0.0170
65,44,0.0014
65,45,0.0198
65,47,0.0042
65,48,0.0453
65,49,0.0028
65,53,0.0057
65,54,0.0127
65,55,0.0113
65,59,0.2037
65,60,0.3876
65,61,0.3579
65,62,0.3635
65,63,0.2518
65,64,0.1344
65,65,0.0679
65,66,0.0453
65,67,0.0085
65,68,0.0028
65,73,0.0113
65,74,0.0198
65,75,0.0339
65,76,0.0127
65,77,0.0156
65,78,0.0156
65,79,0.0170
65,80,0.0042
65,81,0.0085
65,82,0.0099
65,83,0.0071
65,84,0.0198
65,85,0.0071
65,86,0.0071
65,87,0.0071
65,88,0.0071
65,89,0.0042
65,90,0.0198
65,91,0.0212
65,92,0.0071
65,93,0.0028
65,94,0.0014
65,95,0.0042
65,96,0.0099
65,97,0.0127
65,99,0.0028
65,101,0.0014
65,102,0.0028
65,103,0.0085
65,104,0.0226
65,105,0.0509
65,106,0.0042
65,107,0.0057
65,108,0.0141
65,109,0.0071
65,110,0.0071
65,111,0.0014
65,112,0.0028
66,8,0.0014
66,9,0.0453
66,10,0.0537
66,11,0.0212
66,12,0.0071
66,13,0.0099
66,14,0.0127
66,15,0.0156
66,16,0.0057
66,17,0.0127
66,18,0.0141
66,19,0.0014
66,20,0.0014
66,25,0.0014
66,26,0.0057
66,27,0.0255
66,28,0.0099
66,29,0.0028
66,30,0.0014
66,38,0.0495
66,39,0.0311
66,40,0.0198
66,45,0.0113
66,46,0.0127
66,47,0.0212
66,48,0.0085
66,49,0.0014
66,52,0.0014
66,53,0.0042
66,54,0.0141
66,55,0.0226
66,58,0.0014
66,59,0.1443
66,60,0.2928
66,61,0.3069
66,62,0.3720
66,63,0.2447
66,64,0.1103
66,65,0.1117
66,66,0.0255
66,67,0.0071
66,74,0.0042
66,75,0.0113
66,76,0.0085
66,77,0.0226
66,78,0.0099
66,79,0.0085
66,80,0.0170
66,81,0.0113
66,82,0.0127
66,83,0.0099
66,84,0.0113
66,85,0.0141
66,86,0.0113
66,87,0.0071
66,88,0.0198
66,89,0.0156
66,90,0.0156
66,91,0.0099
66,92,0.0127
66,93,0.0085
66,94,0.0085
66,95,0.0014
66,96,0.0057
66,97,0.0283
66,98,0.0042
66,99,0.0057
66,100,0.0014
66,102,0.0057
66,103,0.0099
66,104,0.0948
66,105,0.0438
66,106,0.0354
66,107,0.0057
66,108,0.0212
66,109,0.0028
66,111,0.0028
66,112,0.0608
67,9,0.0042
67,10,0.0707
67,11,0.0198
67,12,0.0057
67,13,0.0170
67,14,0.0071
67,15,0.0198
67,16,0.0099
67,17,0.0198
67,18,0.0127
67,19,0.0099
67,20,0.0028
67,26,0.0014
67,27,0.0071
67,28,0.0071
67,29,0.0028
67,37,0.0297
67,38,0.0198
67,39,0.0212
67,40,0.0396
67,45,0.0028
67,46,0.0071
67,47,0.0127
67,52,0.0085
67,53,0.0141
67,54,0.0028
67,57,0.0014
67,59,0.1231
67,60,0.1711
67,61,0.2291
67,62,0.2405
67,63,0.2023
67,64,0.1499
67,65,0.0820
67,66,0.0014
67,76,0.0170
67,77,0.0014
67,78,0.0057
67,81,0.0071
67,82,0.0085
67,83,0.0057
67,84,0.0085
67,85,0.0057
67,86,0.0127
67,87,0.0085
67,88,0.0099
67,89,0.0099
67,90,0.0141
67,91,0.0085
67,92,0.0085
67,93,0.0127
67,94,0.0014
67,95,0.0014
67,96,0.0127
67,97,0.0085
67,98,0.0170
67,99,0.0255
67,100,0.0057
67,101,0.0042
67,102,0.0028
67,103,0.0113
67,104,0.0269
67,105,0.0467
67,106,0.0057
67,107,0.0014
67,108,0.0212
67,109,0.0071
68,8,0.0014
68,9,0.0099
68,10,0.0424
68,11,0.0240
68,12,0.0014
68,13,0.0127
68,14,0.0099
68,15,0.0042
68,16,0.0071
68,17,0.0467
68,18,0.0156
68,19,0.0099
68,20,0.0071
68,21,0.0014
68,26,0.0014
68,27,0.0099
68,28,0.0071
68,29,0.0014
68,30,0.0085
68,31,0.0071
68,32,0.0057
68,33,0.0057
68,34,0.0113
68,35,0.0156
68,36,0.0311
68,37,0.0354
68,38,0.0113
68,39,0.0453
68,40,0.0156
68,45,0.0014
68,46,0.0283
68,47,0.0042
68,48,0.0014
68,51,0.0028
68,52,0.0057
68,53,0.0127
68,58,0.0481
68,59,0.0877
68,60,0.1528
68,61,0.1726
68,62,0.3140
68,63,0.2320
68,64,0.1570
68,65,0.0976
68,66,0.0071
68,76,0.0141
68,77,0.0057
68,80,0.0028
68,81,0.0127
68,83,0.0113
68,84,0.0311
68,85,0.0424
68,86,0.0085
68,87,0.0099
68,88,0.0269
68,89,0.0198
68,90,0.0042
68,91,0.0028
68,92,0.0099
68,93,0.0622
68,94,0.0028
68,95,0.0113
68,96,0.0028
68,97,0.0523
68,98,0.0184
68,99,0.0042
68,100,0.0057
68,101,0.0057
68,103,0.0071
68,104,0.0184
68,105,0.0481
68,106,0.0085
68,107,0.0042
68,108,0.0127
68,109,0.0014
69,9,0.0071
69,10,0.0523
69,11,0.0184
69,13,0.0057
69,14,0.0184
69,15,0.0127
69,16,0.0240
69,17,0.0212
69,18,0.0127
69,19,0.0255
69,20,0.0184
69,21,0.0042
69,22,0.0014
69,28,0.0113
69,29,0.0014
69,30,0.0014
69,31,0.0014
69,32,0.0028
69,33,0.0057
69,34,0.0495
69,35,0.0453
69,36,0.0113
69,37,0.0028
69,38,0.0071
69,39,0.0170
69,40,0.0255
69,44,0.0014
69,45,0.0113
69,46,0.0057
69,51,0.0071
69,52,0.0042
69,53,0.0014
69,55,0.0014
69,57,0.0042
69,58,0.0255
69,59,0.0467
69,60,0.0736
69,61,0.0962
69,62,0.1301
69,63,0.1768
69,64,0.1641
69,65,0.0778
69,66,0.0127
69,76,0.0141
69,77,0.0042
69,78,0.0014
69,80,0.0042
69,81,0.0042
69,82,0.0042
69,83,0.0028
69,84,0.0156
69,85,0.0339
69,86,0.0085
69,87,0.0297
69,88,0.0905
69,89,0.0071
69,92,0.0028
69,93,0.0014
69,94,0.0042
69,95,0.0042
69,96,0.0368
69,97,0.0042
69,98,0.0099
69,99,0.0170
69,100,0.0085
69,101,0.0113
69,102,0.0057
69,103,0.0085
69,104,0.0226
69,105,0.0651
69,106,0.0156
69,107,0.0057
69,108,0.0226
69,109,0.0085
70,9,0.0085
70,10,0.0509
70,11,0.0325
70,12,0.0240
70,13,0.0141
70,14,0.0085
70,15,0.0099
70,16,0.0113
70,17,0.0099
70,18,0.0042
70,19,0.0311
70,20,0.0170
70,21,0.0071
70,22,0.0014
70,23,0.0014
70,28,0.0184
70,29,0.0042
70,30,0.0113
70,31,0.0028
70,32,0.0255
70,33,0.0495
70,34,0.0113
70,35,0.0127
70,36,0.0042
70,37,0.0141
70,38,0.0283
70,39,0.0410
70,40,0.1174
70,43,0.0014
70,44,0.0042
70,45,0.0212
70,46,0.0042
70,50,0.0014
70,51,0.0198
70,52,0.0085
70,54,0.0014
70,57,0.0127
70,58,0.0156
70,59,0.0410
70,60,0.0552
70,61,0.0467
70,62,0.0721
70,63,0.1400
70,64,0.2178
70,65,0.1202
70,66,0.0156
70,75,0.0042
70,76,0.0042
70,77,0.0071
70,78,0.0042
70,79,0.0028
70,80,0.0481
70,84,0.0042
70,85,0.0014
70,86,0.0057
70,87,0.0240
70,88,0.0240
70,89,0.0085
70,90,0.0212
70,91,0.0028
70,92,0.0509
70,93,0.0057
70,94,0.0014
70,95,0.0014
70,99,0.0226
70,100,0.0085
70,101,0.0141
70,102,0.0156
70,103,0.0085
70,104,0.0212
70,105,0.0354
70,106,0.0085
70,107,0.0042
70,108,0.0085
70,109,0.0028
71,8,0.0014
71,9,0.0099
71,10,0.0636
71,11,0.0127
71,12,0.0042
71,13,0.0085
71,14,0.0028
71,15,0.0127
71,16,0.0240
71,17,0.0057
71,19,0.0141
71,20,0.0283
71,21,0.0184
71,22,0.0099
71,23,0.0028
71,27,0.0028
71,28,0.0085
71,29,0.0141
71,30,0.0410
71,31,0.0934
71,32,0.0240
71,33,0.0127
71,34,0.0042
71,35,0.0042
71,36,0.0042
71,37,0.0085
71,38,0.0071
71,39,0.0156
71,40,0.0255
71,41,0.0028
71,43,0.0014
71,44,0.0184
71,45,0.0057
71,50,0.0057
71,51,0.0028
71,56,0.0085
71,57,0.0141
71,58,0.0113
71,59,0.0368
71,60,0.0311
71,61,0.0113
71,63,0.0806
71,64,0.1202
71,65,0.1570
71,66,0.0523
71,75,0.0028
71,76,0.0057
71,77,0.0014
71,78,0.0071
71,79,0.0028
71,84,0.0127
71,85,0.0014
71,86,0.0042
71,87,0.0170
71,89,0.0071
71,90,0.0042
71,92,0.0042
71,93,0.0028
71,94,0.0057
71,99,0.0085
71,100,0.0141
71,101,0.0057
71,102,0.0495
71,103,0.0141
71,104,0.0226
71,105,0.0736
71,106,0.0509
71,107,0.0113
71,108,0.0976
72,8,0.0014
72,9,0.0141
72,10,0.0764
72,11,0.0382
72,12,0.0085
72,13,0.0057
72,14,0.0057
72,15,0.0127
72,16,0.0212
72,17,0.0113
72,18,0.0014
72,19,0.0226
72,20,0.0198
72,21,0.0226
72,22,0.0085
72,23,0.0085
72,24,0.0085
72,25,0.0014
72,27,0.0071
72,28,0.0212
72,29,0.0665
72,30,0.0113
72,34,0.0028
72,35,0.0028
72,36,0.0028
72,37,0.0042
72,38,0.0127
72,39,0.0184
72,40,0.0382
72,41,0.0085
72,43,0.0141
72,44,0.0297
72,49,0.0014
72,50,0.0198
72,51,0.0099
72,53,0.0014
72,56,0.0141
72,57,0.0113
72,58,0.0099
72,59,0.0269
72,60,0.0354
72,61,0.0509
72,63,0.0071
72,64,0.0835
72,65,0.1047
72,66,0.0905
72,67,0.0141
72,75,0.0085
72,76,0.0028
72,77,0.0014
72,78,0.0113
72,84,0.0622
72,85,0.0339
72,86,0.0170
72,87,0.0042
72,88,0.0141
72,89,0.0028
72,90,0.0071
72,91,0.0057
72,92,0.0042
72,93,0.0028
72,100,0.0198
72,101,0.0113
72,102,0.0099
72,103,0.0113
72,104,0.0481
72,105,0.0792
72,106,0.0226
72,107,0.0141
72,108,0.0113
73,9,0.0240
73,10,0.0651
73,11,0.0297
73,12,0.0042
73,13,0.0042
73,14,0.0014
73,15,0.0071
73,16,0.0198
73,17,0.0339
73,18,0.0057
73,19,0.0127
73,20,0.0240
73,21,0.0198
73,22,0.0198
73,23,0.0099
73,24,0.0113
73,25,0.0099
73,26,0.0226
73,27,0.0453
73,28,0.0438
73,29,0.0297
73,30,0.0028
73,31,0.0014
73,32,0.0255
73,37,0.0028
73,38,0.0028
73,39,0.0184
73,40,0.0156
73,41,0.0085
73,42,0.0141
73,43,0.0255
73,44,0.0014
73,49,0.0156
73,50,0.0028
73,55,0.0113
73,56,0.0099
73,57,0.0170
73,58,0.0099
73,59,0.0198
73,60,0.0156
73,61,0.0198
73,62,0.0325
73,63,0.0212
73,64,0.0481
73,65,0.0481
73,66,0.0509
73,67,0.0566
73,68,0.0113
73,69,0.0014
73,75,0.0099
73,76,0.0042
73,77,0.0028
73,78,0.0042
73,83,0.0042
73,85,0.0113
73,86,0.0127
73,88,0.0382
73,89,0.0141
73,90,0.0028
73,91,0.0071
73,92,0.0071
73,93,0.0212
73,94,0.0042
73,101,0.0113
73,102,0.0113
73,103,0.0156
73,104,0.0339
73,105,0.1471
73,106,0.0255
73,107,0.0212
73,108,0.0042
74,9,0.0071
74,10,0.0382
74,11,0.0198
74,12,0.0071
74,13,0.0127
74,14,0.0057
74,15,0.0057
74,16,0.0141
74,17,0.0198
74,18,0.0410
74,19,0.0113
74,20,0.0113
74,21,0.0184
74,22,0.0226
74,23,0.0679
74,24,0.0099
74,25,0.0156
74,26,0.0311
74,27,0.0240
74,28,0.0198
74,29,0.0283
74,31,0.0014
74,39,0.0071
74,40,0.0255
74,41,0.0184
74,42,0.0368
74,43,0.0057
74,47,0.0014
74,48,0.0099
74,49,0.0099
74,50,0.0042
74,54,0.0014
74,55,0.0198
74,56,0.0184
74,57,0.0141
74,58,0.0014
74,59,0.0127
74,61,0.0042
74,62,0.0113
74,63,0.0071
74,64,0.0184
74,65,0.0339
74,66,0.0283
74,67,0.0481
74,68,0.0325
74,69,0.0099
74,71,0.0028
74,73,0.0014
74,74,0.0057
74,75,0.0028
74,76,0.0028
74,77,0.0028
74,78,0.0014
74,79,0.0042
74,84,0.0255
74,85,0.0071
74,86,0.0014
74,87,0.0156
74,88,0.0028
74,89,0.0057
74,90,0.0042
74,91,0.0042
74,92,0.0028
74,93,0.0071
74,94,0.0014
74,101,0.0042
74,102,0.0240
74,103,0.0212
74,104,0.0820
74,105,0.1061
74,106,0.0325
74,107,0.0141
74,108,0.0085
75,8,0.0014
75,9,0.0071
75,10,0.0594
75,11,0.0255
75,12,0.0042
75,13,0.0057
75,14,0.0042
75,15,0.0042
75,16,0.0127
75,17,0.0226
75,18,0.0184
75,19,0.0226
75,20,0.0156
75,21,0.0240
75,22,0.0297
75,23,0.0212
75,24,0.0269
75,25,0.0212
75,26,0.0269
75,27,0.0877
75,28,0.0721
75,29,0.0184
75,30,0.0028
75,32,0.0028
75,38,0.0028
75,39,0.0552
75,40,0.0113
75,41,0.0339
75,42,0.0141
75,46,0.0014
75,47,0.0085
75,48,0.0099
75,49,0.0014
75,54,0.0156
75,55,0.0198
75,56,0.0071
75,57,0.0042
75,58,0.0014
75,61,0.0113
75,64,0.0085
75,65,0.0085
75,66,0.0127
75,67,0.0127
75,68,0.0467
75,69,0.0990
75,70,0.0057
75,71,0.0042
75,73,0.0042
75,75,0.0042
75,76,0.0042
75,78,0.0014
75,79,0.0057
75,86,0.0014
75,89,0.0014
75,90,0.0042
75,91,0.0127
75,92,0.0057
75,93,0.0042
75,94,0.0014
75,102,0.0156
75,103,0.0156
75,104,0.3621
75,105,0.1160
75,106,0.0354
75,107,0.0226
75,108,0.0028
76,9,0.0057
76,10,0.0453
76,11,0.0240
76,12,0.0071
76,13,0.0127
76,14,0.0028
76,15,0.0085
76,16,0.0042
76,17,0.0170
76,18,0.0212
76,19,0.0156
76,20,0.0453
76,21,0.0127
76,22,0.0297
76,23,0.0184
76,24,0.0382
76,25,0.0240
76,26,0.0948
76,27,0.0354
76,28,0.0537
76,29,0.0184
76,30,0.0509
76,31,0.0537
76,39,0.0127
76,40,0.0212
76,41,0.0368
76,42,0.0028
76,45,0.0014
76,46,0.0042
76,47,0.0113
76,48,0.0057
76,49,0.0042
76,53,0.0085
76,54,0.0297
76,55,0.0141
76,56,0.0057
76,57,0.0014
76,60,0.0042
76,61,0.0028
76,64,0.0042
76,65,0.0028
76,66,0.0127
76,67,0.0127
76,68,0.0212
76,69,0.0339
76,70,0.0057
76,71,0.0127
76,73,0.0127
76,74,0.0028
76,75,0.0028
76,76,0.0028
76,77,0.0014
76,79,0.0028
76,80,0.0042
76,86,0.0099
76,91,0.0042
76,92,0.0099
76,93,0.0057
76,94,0.0071
76,102,0.0127
76,103,0.0297
76,104,0.0325
76,105,0.0891
76,106,0.0509
76,107,0.0184
76,108,0.0057
77,9,0.0085
77,10,0.0566
77,11,0.0325
77,12,0.0141
77,13,0.0085
77,14,0.0141
77,15,0.0141
77,16,0.0099
77,17,0.0156
77,18,0.0198
77,19,0.0156
77,20,0.0255
77,21,0.0212
77,22,0.0212
77,23,0.0226
77,24,0.0170
77,25,0.0255
77,26,0.0283
77,27,0.0495
77,28,0.0806
77,29,0.0057
77,30,0.0042
77,31,0.0198
77,39,0.0198
77,40,0.0226
77,41,0.0679
77,42,0.0028
77,43,0.0042
77,44,0.0099
77,45,0.0042
77,46,0.0071
77,47,0.0057
77,48,0.0014
77,52,0.0156
77,53,0.0255
77,54,0.0127
77,55,0.0014
77,56,0.0057
77,57,0.0099
77,58,0.0042
77,59,0.0226
77,60,0.0071
77,61,0.0014
77,62,0.0057
77,63,0.0028
77,64,0.0057
77,65,0.0014
77,66,0.0028
77,67,0.0325
77,68,0.0085
77,69,0.0311
77,70,0.0453
77,71,0.0141
77,72,0.0057
77,73,0.0014
77,74,0.0028
77,75,0.0057
77,78,0.0014
77,79,0.0014
77,80,0.0042
77,81,0.0014
77,82,0.0014
77,90,0.0014
77,91,0.0042
77,92,0.0028
77,93,0.0057
77,94,0.0071
77,95,0.0042
77,96,0.0212
77,97,0.0028
77,102,0.0099
77,103,0.0085
77,104,0.0240
77,105,0.0509
77,106,0.0156
77,107,0.1301
77,108,0.0071
78,9,0.0057
78,10,0.0481
78,11,0.0240
78,12,0.0085
78,13,0.0113
78,14,0.0141
78,15,0.0240
78,16,0.0198
78,17,0.0255
78,18,0.0410
78,19,0.0212
78,20,0.0156
78,21,0.0255
78,22,0.0226
78,23,0.0368
78,24,0.0396
78,25,0.0226
78,26,0.0240
78,27,0.0608
78,28,0.0339
78,29,0.0226
78,39,0.0368
78,40,0.0099
78,41,0.0283
78,42,0.0226
78,43,0.0085
78,45,0.0014
78,46,0.0085
78,47,0.0057
78,48,0.0014
78,51,0.0127
78,52,0.0311
78,53,0.0085
78,54,0.0113
78,55,0.0042
78,56,0.0014
78,58,0.0028
78,59,0.0269
78,60,0.0113
78,61,0.0127
78,66,0.0014
78,67,0.0028
78,68,0.0028
78,69,0.0042
78,70,0.0325
78,71,0.0184
78,72,0.0085
78,73,0.0156
78,75,0.0042
78,76,0.0014
78,77,0.0028
78,80,0.0014
78,81,0.0028
78,82,0.0014
78,83,0.0014
78,91,0.0071
78,92,0.0014
78,93,0.0028
78,94,0.0042
78,95,0.0071
78,97,0.0014
78,98,0.0014
78,99,0.0014
78,100,0.0014
78,101,0.0028
78,102,0.0071
78,103,0.0283
78,104,0.0410
78,105,0.0467
78,106,0.0453
78,107,0.0170
78,108,0.0014
79,9,0.0057
79,10,0.0806
79,11,0.0537
79,12,0.0099
79,13,0.0113
79,14,0.0198
79,15,0.0014
79,16,0.0014
79,17,0.0014
79,18,0.0085
79,19,0.0311
79,20,0.0283
79,21,0.0311
79,22,0.0339
79,23,0.0339
79,24,0.0269
79,25,0.0212
79,26,0.0255
79,27,0.0552
79,28,0.0707
79,29,0.0028
79,37,0.0014
79,38,0.0382
79,39,0.0269
79,40,0.0170
79,41,0.0170
79,42,0.0099
79,43,0.0141
79,44,0.0792
79,45,0.0085
79,46,0.0042
79,47,0.0028
79,50,0.0198
79,51,0.0919
79,52,0.0778
79,53,0.0311
79,54,0.0184
79,55,0.0156
79,56,0.0170
79,57,0.0240
79,58,0.0170
79,59,0.0014
79,62,0.0085
79,63,0.0113
79,64,0.0283
79,65,0.0014
79,66,0.0014
79,67,0.0028
79,68,0.0028
79,69,0.0057
79,70,0.0184
79,71,0.0594
79,72,0.0099
79,73,0.0014
79,74,0.0071
79,75,0.0014
79,81,0.0042
79,83,0.0028
79,89,0.0028
79,90,0.0071
79,91,0.0014
79,94,0.0028
79,95,0.0057
79,96,0.0057
79,97,0.0014
79,98,0.0028
79,99,0.0028
79,100,0.0042
79,101,0.0014
79,103,0.0170
79,104,0.0368
79,105,0.0849
79,106,0.0240
79,107,0.0212
79,108,0.0042
80,9,0.0071
80,10,0.0594
80,11,0.0339
80,12,0.0085
80,13,0.0198
80,14,0.0042
80,17,0.0014
80,19,0.0354
80,20,0.0127
80,21,0.0255
80,22,0.0679
80,23,0.0382
80,24,0.0651
80,25,0.0467
80,26,0.0368
80,27,0.0481
80,28,0.0622
80,29,0.0269
80,33,0.0396
80,34,0.0156
80,35,0.0806
80,36,0.0255
80,37,0.0566
80,38,0.0198
80,39,0.0156
80,40,0.0184
80,41,0.0283
80,42,0.0085
80,43,0.0127
80,44,0.0113
80,45,0.0127
80,46,0.0127
80,47,0.0028
80,49,0.0127
80,50,0.0438
80,51,0.0198
80,52,0.0127
80,53,0.0085
80,54,0.0127
80,64,0.0028
80,65,0.0085
80,66,0.0028
80,67,0.0042
80,70,0.0014
80,71,0.0113
80,72,0.0438
80,73,0.0057
80,74,0.0127
80,75,0.0071
80,76,0.0042
80,81,0.0014
80,82,0.0028
80,83,0.0042
80,85,0.0014
80,87,0.0042
80,88,0.0014
80,89,0.0014
80,90,0.0028
80,91,0.0269
80,92,0.0028
80,94,0.0014
80,95,0.0028
80,96,0.0113
80,97,0.0042
80,98,0.0042
80,99,0.0028
80,100,0.0014
80,101,0.0028
80,102,0.0057
80,103,0.0240
80,104,0.0594
80,105,0.0948
80,106,0.0170
80,107,0.0339
80,108,0.0042
81,9,0.0057
81,10,0.0339
81,11,0.0255
81,12,0.0141
81,13,0.0170
81,14,0.0113
81,15,0.0014
81,16,0.0014
81,17,0.0071
81,19,0.0283
81,20,0.0212
81,21,0.0481
81,22,0.0071
81,24,0.0057
81,25,0.0651
81,26,0.0495
81,27,0.0339
81,28,0.1683
81,29,0.0651
81,30,0.0636
81,31,0.0523
81,32,0.0424
81,33,0.1245
81,34,0.1443
81,35,0.1146
81,36,0.0736
81,37,0.0368
81,38,0.0552
81,39,0.1372
81,40,0.0764
81,41,0.0509
81,42,0.0736
81,43,0.0255
81,44,0.0226
81,45,0.0127
81,46,0.0198
81,47,0.0212
81,48,0.0354
81,49,0.0495
81,50,0.0085
81,51,0.0127
81,52,0.0113
81,53,0.0028
81,67,0.0071
81,68,0.0014
81,69,0.0057
81,70,0.0014
81,71,0.0028
81,72,0.0339
81,73,0.0424
81,74,0.0028
81,75,0.0028
81,76,0.0170
81,77,0.0014
81,83,0.0071
81,85,0.0014
81,86,0.0014
81,89,0.0014
81,90,0.0028
81,93,0.0028
81,94,0.0014
81,97,0.0127
81,98,0.0028
81,99,0.0028
81,102,0.0042
81,103,0.0141
81,104,0.0736
81,105,0.0424
81,106,0.0368
81,107,0.0212
82,9,0.0071
82,10,0.0495
82,11,0.0410
82,12,0.0085
82,13,0.0198
82,15,0.0226
82,18,0.0028
82,19,0.0240
82,20,0.0283
82,21,0.0523
82,22,0.0014
82,23,0.0099
82,24,0.0141
82,25,0.0156
82,26,0.0311
82,27,0.0354
82,28,0.0495
82,29,0.0509
82,30,0.0368
82,31,0.0311
82,32,0.0537
82,33,0.1330
82,34,0.1598
82,35,0.1216
82,36,0.0835
82,37,0.0707
82,38,0.0707
82,39,0.0636
82,40,0.0580
82,41,0.1315
82,42,0.0198
82,43,0.0226
82,44,0.0240
82,45,0.0085
82,46,0.0057
82,47,0.0269
82,48,0.0113
82,49,0.0099
82,50,0.0170
82,51,0.0184
82,52,0.0127
82,55,0.0127
82,68,0.0014
82,69,0.0085
82,70,0.0014
82,71,0.0028
82,72,0.0057
82,73,0.0424
82,74,0.0226
82,76,0.0028
82,77,0.0057
82,83,0.0014
82,84,0.0014
82,85,0.0212
82,88,0.0014
82,89,0.0014
82,95,0.0028
82,96,0.0028
82,97,0.0014
82,98,0.0085
82,102,0.0240
82,103,0.0537
82,104,0.0608
82,105,0.0481
82,106,0.0141
82,107,0.0481
83,9,0.0057
83,10,0.0339
83,11,0.0226
83,12,0.0113
83,13,0.0226
83,17,0.0014
83,18,0.0057
83,19,0.0198
83,20,0.0184
83,21,0.0410
83,22,0.0014
83,25,0.0014
83,26,0.0283
83,27,0.0552
83,28,0.0523
83,29,0.0665
83,30,0.0368
83,31,0.1202
83,32,0.0962
83,33,0.0453
83,34,0.0636
83,41,0.0636
83,42,0.0255
83,43,0.0184
83,44,0.0071
83,45,0.0099
83,46,0.0127
83,47,0.0622
83,48,0.0099
83,49,0.0042
83,50,0.0042
83,51,0.0085
83,55,0.0014
83,69,0.0014
83,70,0.0042
83,71,0.0042
83,73,0.0113
83,74,0.0594
83,75,0.0099
83,77,0.0042
83,78,0.0156
83,83,0.0042
83,84,0.0057
83,86,0.0014
83,88,0.0014
83,89,0.0014
83,90,0.0028
83,92,0.0014
83,93,0.0028
83,95,0.0028
83,97,0.0014
83,99,0.0127
83,100,0.0042
83,101,0.0028
83,102,0.0042
83,103,0.2051
83,104,0.0750
83,105,0.1146
83,106,0.0311
83,107,0.0311
84,9,0.0028
84,10,0.0580
84,11,0.0424
84,12,0.0170
84,13,0.0099
84,18,0.0057
84,19,0.0339
84,20,0.0297
84,21,0.0410
84,22,0.0014
84,27,0.0424
84,28,0.0552
84,29,0.0622
84,30,0.0948
84,31,0.0382
84,32,0.0028
84,37,0.0014
84,38,0.0014
84,39,0.0071
84,41,0.0764
84,42,0.0453
84,43,0.0240
84,44,0.0170
84,45,0.0297
84,46,0.0028
84,47,0.0071
84,48,0.0113
84,49,0.0127
84,50,0.0042
84,51,0.0042
84,54,0.0014
84,70,0.0014
84,71,0.0057
84,72,0.0057
84,73,0.0057
84,74,0.0099
84,75,0.1146
84,76,0.0071
84,78,0.0042
84,79,0.0028
84,80,0.0014
84,82,0.0028
84,84,0.0042
84,88,0.0028
84,89,0.0014
84,90,0.0014
84,93,0.0028
84,94,0.0028
84,98,0.0014
84,100,0.0071
84,101,0.0042
84,102,0.0014
84,103,0.0141
84,104,0.0721
84,105,0.0806
84,106,0.0354
84,107,0.0438
85,9,0.0014
85,10,0.0368
85,11,0.0410
85,12,0.0552
85,13,0.0297
85,18,0.0099
85,19,0.0240
85,20,0.0283
85,21,0.0424
85,22,0.0014
85,23,0.0014
85,27,0.0368
85,28,0.1400
85,29,0.0764
85,30,0.1344
85,31,0.0014
85,32,0.0057
85,33,0.0014
85,37,0.0028
85,38,0.0113
85,40,0.0028
85,41,0.0990
85,42,0.0354
85,43,0.0212
85,44,0.0170
85,45,0.0141
85,46,0.0212
85,47,0.0099
85,48,0.0085
85,50,0.0042
85,51,0.0028
85,52,0.0028
85,53,0.0014
85,71,0.0014
85,72,0.0057
85,73,0.0014
85,74,0.0014
85,75,0.0099
85,76,0.0608
85,77,0.0226
85,78,0.0057
85,79,0.0085
85,80,0.0085
85,81,0.0014
85,83,0.0028
85,84,0.0014
85,85,0.0014
85,87,0.0014
85,88,0.0042
85,90,0.0014
85,91,0.0028
85,92,0.0042
85,94,0.0014
85,96,0.0014
85,99,0.0014
85,101,0.0141
85,102,0.0085
85,103,0.0198
85,104,0.0835
85,105,0.0537
85,106,0.0170
85,107,0.0495
86,9,0.0014
86,10,0.0396
86,11,0.0354
86,12,0.0141
86,13,0.0198
86,18,0.0113
86,19,0.0368
86,20,0.0424
86,21,0.0255
86,22,0.0438
86,23,0.1231
86,24,0.0099
86,25,0.0071
86,26,0.0042
86,27,0.0325
86,28,0.0481
86,29,0.0778
86,30,0.1570
86,31,0.0028
86,32,0.0099
86,33,0.0028
86,36,0.0156
86,37,0.0014
86,40,0.0226
86,41,0.1400
86,42,0.0438
86,43,0.0283
86,44,0.0269
86,45,0.0226
86,46,0.0141
86,47,0.0127
86,48,0.0085
86,49,0.0014
86,50,0.0057
86,51,0.0042
86,53,0.0042
86,54,0.0014
86,71,0.0014
86,72,0.0071
86,73,0.0113
86,74,0.0014
86,75,0.0028
86,76,0.0042
86,77,0.0424
86,78,0.0368
86,79,0.0042
86,80,0.0057
86,81,0.0042
86,82,0.0057
86,83,0.0014
86,84,0.0028
86,85,0.0042
86,86,0.0042
86,87,0.0014
86,89,0.0014
86,92,0.0014
86,101,0.0014
86,102,0.0085
86,103,0.0184
86,104,0.0198
86,105,0.0552
86,106,0.0170
86,107,0.0283
87,10,0.0382
87,11,0.0509
87,12,0.0184
87,13,0.0156
87,14,0.0028
87,16,0.0028
87,17,0.0141
87,18,0.0198
87,19,0.0424
87,20,0.0325
87,21,0.0453
87,22,0.0934
87,23,0.0566
87,24,0.0495
87,25,0.0240
87,26,0.0156
87,27,0.0325
87,28,0.0566
87,29,0.0721
87,30,0.1796
87,31,0.0509
87,32,0.0156
87,33,0.1089
87,35,0.0014
87,36,0.0255
87,39,0.0014
87,40,0.0325
87,41,0.0509
87,42,0.0424
87,43,0.0226
87,44,0.0226
87,45,0.0156
87,46,0.0226
87,47,0.0127
87,48,0.0042
87,50,0.0014
87,51,0.0028
87,71,0.0042
87,72,0.0014
87,73,0.0014
87,74,0.0028
87,75,0.0028
87,76,0.0042
87,77,0.0085
87,78,0.0368
87,79,0.0382
87,80,0.0113
87,81,0.0028
87,82,0.0028
87,83,0.0028
87,84,0.0028
87,85,0.0028
87,86,0.0014
87,89,0.0014
87,90,0.0057
87,102,0.0198
87,103,0.0099
87,104,0.0085
87,105,0.0085
87,106,0.0071
87,107,0.0594
88,10,0.0226
88,11,0.0382
88,12,0.0127
88,13,0.0311
88,14,0.0113
88,15,0.0057
88,16,0.0014
88,17,0.0014
88,18,0.0170
88,19,0.0750
88,20,0.1315
88,21,0.0948
88,22,0.0594
88,23,0.0919
88,24,0.0495
88,25,0.0424
88,26,0.0453
88,27,0.0594
88,28,0.0679
88,29,0.0778
88,30,0.0750
88,31,0.0113
88,32,0.0184
88,33,0.0552
88,35,0.0028
88,39,0.0099
88,40,0.1146
88,41,0.0354
88,42,0.0184
88,43,0.0113
88,44,0.0085
88,45,0.0297
88,46,0.0127
88,47,0.0099
88,48,0.0028
88,49,0.0042
88,50,0.0057
88,51,0.0014
88,52,0.0014
88,71,0.0042
88,74,0.0014
88,75,0.0014
88,76,0.0057
88,77,0.0028
88,78,0.0071
88,79,0.0368
88,80,0.0622
88,81,0.0141
88,82,0.0141
88,83,0.0071
88,84,0.0042
88,85,0.0042
88,86,0.0014
88,87,0.0085
88,88,0.0042
88,90,0.0014
88,101,0.0014
88,102,0.0198
88,103,0.0269
88,104,0.0071
88,105,0.0990
88,106,0.0184
88,107,0.0481
89,10,0.0339
89,11,0.0651
89,12,0.0269
89,13,0.0170
89,14,0.0028
89,15,0.0014
89,17,0.0170
89,18,0.0255
89,19,0.0693
89,20,0.1117
89,21,0.0863
89,22,0.0453
89,23,0.0113
89,24,0.0156
89,26,0.0113
89,27,0.0410
89,28,0.0453
89,29,0.0948
89,30,0.0721
89,31,0.0269
89,32,0.0240
89,33,0.0085
89,34,0.0057
89,38,0.0028
89,39,0.1683
89,40,0.0269
89,46,0.0636
89,47,0.0212
89,48,0.0085
89,49,0.0156
89,51,0.0014
89,70,0.0014
89,71,0.0028
89,72,0.0014
89,73,0.0042
89,74,0.0014
89,75,0.0014
89,77,0.0014
89,79,0.0099
89,80,0.1556
89,81,0.2716
89,82,0.0170
89,83,0.0184
89,84,0.0113
89,86,0.0028
89,88,0.0057
89,89,0.0014
89,100,0.0014
89,101,0.0042
89,102,0.1909
89,103,0.0198
89,104,0.0028
89,105,0.0368
89,106,0.0141
89,107,0.0495
89,108,0.0028
90,9,0.0014
90,10,0.0269
90,11,0.0467
90,12,0.0283
90,13,0.0283
90,14,0.0198
90,17,0.0170
90,18,0.0693
90,19,0.0948
90,20,0.0721
90,21,0.0594
90,22,0.0212
90,25,0.0354
90,26,0.0566
90,27,0.0156
90,28,0.0566
90,29,0.0764
90,30,0.0948
90,31,0.0127
90,32,0.0113
90,38,0.0042
90,39,0.0566
90,40,0.0057
90,42,0.0014
90,46,0.0085
90,47,0.0113
90,48,0.0240
90,49,0.0071
90,50,0.0071
90,70,0.0057
90,71,0.0028
90,72,0.0042
90,73,0.0057
90,74,0.0014
90,78,0.0028
90,79,0.0014
90,80,0.0099
90,81,0.0679
90,82,0.1132
90,83,0.0495
90,84,0.0156
90,85,0.0071
90,86,0.0042
90,87,0.0071
90,99,0.0042
90,100,0.0028
90,101,0.0042
90,102,0.0042
90,103,0.0212
90,105,0.0028
90,106,0.0170
90,107,0.0113
90,108,0.0453
91,10,0.0184
91,11,0.0736
91,12,0.0283
91,13,0.0297
91,14,0.0849
91,15,0.0396
91,16,0.0835
91,17,0.0806
91,18,0.0721
91,19,0.0806
91,20,0.0453
91,21,0.0410
91,22,0.0099
91,26,0.0042
91,27,0.0297
91,28,0.0438
91,29,0.1089
91,30,0.0693
91,31,0.0042
91,32,0.0014
91,37,0.0014
91,38,0.0057
91,39,0.0354
91,48,0.0028
91,49,0.0311
91,50,0.0042
91,62,0.0028
91,65,0.0028
91,67,0.0014
91,68,0.0042
91,69,0.0042
91,70,0.0057
91,71,0.0042
91,72,0.0042
91,73,0.0014
91,74,0.0028
91,75,0.0014
91,76,0.0028
91,77,0.0014
91,80,0.0028
91,81,0.0028
91,82,0.0537
91,83,0.2008
91,84,0.0410
91,85,0.0014
91,86,0.0071
91,87,0.0099
91,97,0.0028
91,98,0.0028
91,103,0.1075
91,106,0.0198
91,107,0.0057
91,108,0.0523
92,9,0.0071
92,10,0.0113
92,11,0.0665
92,12,0.0481
92,13,0.0580
92,14,0.0552
92,15,0.0622
92,16,0.0085
92,17,0.0156
92,18,0.0566
92,19,0.0453
92,20,0.0438
92,21,0.0537
92,22,0.0226
92,23,0.0014
92,27,0.0283
92,28,0.0495
92,29,0.0905
92,30,0.0750
92,36,0.0028
92,37,0.0085
92,38,0.0071
92,39,0.0226
92,45,0.0085
92,46,0.0014
92,49,0.0170
92,50,0.0184
92,63,0.0014
92,64,0.0014
92,65,0.0028
92,66,0.0042
92,67,0.0028
92,68,0.0071
92,69,0.0057
92,70,0.0028
92,71,0.0014
92,72,0.0028
92,74,0.0028
92,75,0.0014
92,76,0.0014
92,77,0.0014
92,78,0.0028
92,79,0.0042
92,81,0.0057
92,82,0.0127
92,83,0.0368
92,84,0.4639
92,85,0.1344
92,86,0.0099
92,87,0.0141
92,88,0.0042
92,95,0.0042
92,97,0.0028
92,100,0.0042
92,101,0.0057
92,103,0.0283
92,104,0.0198
92,105,0.0085
92,106,0.0071
92,107,0.0028
92,108,0.1612
92,109,0.0014
93,9,0.0042
93,10,0.0283
93,11,0.0438
93,12,0.0976
93,13,0.0368
93,14,0.0410
93,15,0.0608
93,16,0.0552
93,17,0.0736
93,18,0.0622
93,19,0.0608
93,20,0.0311
93,21,0.0453
93,22,0.0354
93,26,0.0226
93,27,0.0481
93,28,0.0764
93,29,0.1853
93,30,0.1202
93,31,0.0071
93,38,0.0057
93,39,0.0339
93,43,0.0014
93,44,0.0014
93,45,0.0014
93,46,0.0057
93,47,0.0028
93,49,0.0099
93,50,0.0764
93,61,0.0014
93,62,0.0028
93,63,0.0028
93,64,0.0042
93,65,0.0057
93,66,0.0014
93,67,0.0057
93,68,0.0028
93,69,0.0028
93,71,0.0028
93,72,0.0014
93,73,0.0014
93,74,0.0014
93,75,0.0014
93,77,0.0014
93,81,0.0014
93,83,0.0127
93,84,0.1273
93,85,0.7086
93,86,0.1994
93,87,0.0552
93,88,0.0042
93,89,0.0099
93,90,0.0042
93,93,0.0042
93,95,0.0014
93,96,0.0028
93,104,0.0184
93,105,0.0156
93,108,0.0566
94,9,0.0028
94,10,0.0198
94,11,0.0325
94,12,0.0934
94,13,0.0453
94,14,0.0764
94,15,0.0297
94,18,0.0156
94,19,0.0495
94,20,0.0552
94,21,0.0382
94,22,0.1641
94,23,0.0014
94,24,0.0014
94,26,0.0014
94,28,0.0269
94,29,0.1216
94,30,0.0778
94,31,0.0226
94,32,0.0099
94,33,0.0127
94,34,0.0014
94,36,0.0028
94,37,0.0042
94,38,0.0184
94,39,0.0170
94,47,0.0042
94,48,0.0071
94,49,0.0085
94,50,0.0127
94,51,0.0354
94,52,0.0014
94,59,0.0028
94,60,0.0042
94,61,0.0071
94,62,0.0014
94,63,0.0014
94,67,0.0042
94,71,0.0014
94,75,0.0014
94,79,0.0014
94,82,0.0014
94,83,0.0071
94,84,0.0071
94,85,0.2489
94,86,0.2702
94,87,0.1174
94,88,0.0113
94,89,0.0156
94,90,0.0085
94,91,0.0085
94,98,0.0014
94,99,0.0028
94,100,0.0014
94,101,0.0014
94,104,0.0170
94,105,0.0198
94,108,0.0523
94,109,0.0014
95,9,0.0014
95,10,0.0240
95,11,0.0297
95,12,0.0764
95,13,0.0594
95,14,0.0509
95,17,0.0028
95,18,0.0141
95,19,0.0283
95,20,0.0438
95,21,0.0297
95,22,0.0707
95,23,0.0255
95,27,0.0057
95,28,0.0085
95,29,0.1160
95,30,0.0820
95,31,0.0339
95,32,0.0113
95,33,0.0297
95,34,0.0071
95,36,0.0014
95,37,0.0028
95,38,0.0368
95,39,0.0014
95,44,0.0014
95,45,0.0014
95,48,0.0071
95,49,0.0311
95,50,0.0099
95,51,0.0198
95,52,0.0085
95,53,0.0057
95,54,0.0014
95,56,0.0042
95,57,0.0028
95,58,0.0071
95,59,0.0028
95,66,0.0028
95,67,0.0014
95,81,0.0014
95,82,0.0028
95,84,0.0099
95,85,0.0141
95,86,0.0269
95,87,0.0198
95,89,0.0170
95,90,0.0057
95,91,0.0240
95,92,0.0113
95,93,0.0014
95,101,0.0028
95,103,0.0014
95,104,0.0141
95,105,0.0099
95,106,0.0042
95,107,0.0014
95,108,0.0424
96,10,0.0141
96,11,0.0679
96,12,0.0651
96,13,0.1146
96,14,0.0297
96,15,0.0184
96,16,0.0410
96,17,0.0509
96,18,0.0566
96,19,0.0396
96,20,0.0438
96,21,0.0368
96,22,0.0396
96,23,0.0481
96,24,0.0099
96,27,0.0198
96,28,0.0693
96,29,0.1754
96,30,0.0424
96,31,0.0495
96,32,0.0240
96,33,0.0325
96,34,0.0198
96,37,0.0028
96,38,0.0325
96,47,0.0057
96,48,0.0014
96,49,0.0057
96,50,0.0255
96,51,0.0113
96,52,0.0141
96,53,0.0028
96,54,0.0085
96,55,0.0042
96,56,0.0212
96,62,0.0014
96,64,0.0071
96,65,0.0042
96,66,0.0071
96,71,0.0014
96,81,0.0014
96,82,0.0014
96,85,0.0028
96,86,0.0099
96,87,0.0368
96,90,0.0170
96,91,0.0014
96,92,0.0028
96,93,0.0240
96,94,0.0028
96,96,0.0014
96,97,0.0014
96,98,0.0014
96,99,0.0014
96,102,0.0028
96,104,0.0156
96,105,0.0226
96,107,0.0014
96,108,0.0594
97,10,0.0127
97,11,0.0368
97,12,0.0566
97,13,0.1117
97,14,0.1216
97,15,0.0453
97,16,0.0014
97,17,0.0198
97,18,0.0057
97,19,0.0622
97,20,0.0453
97,21,0.0410
97,22,0.0467
97,23,0.0453
97,24,0.0905
97,25,0.0651
97,26,0.0594
97,27,0.0453
97,28,0.0764
97,29,0.0354
97,30,0.0509
97,31,0.0509
97,32,0.0226
97,33,0.0354
97,34,0.0184
97,36,0.0042
97,37,0.0028
97,38,0.0368
97,47,0.0042
97,48,0.0156
97,49,0.0014
97,50,0.0707
97,51,0.0042
97,52,0.0113
97,53,0.0085
97,54,0.0014
97,56,0.0057
97,63,0.0042
97,64,0.0014
97,81,0.0028
97,85,0.0042
97,86,0.0042
97,87,0.0127
97,90,0.0113
97,93,0.0014
97,94,0.0127
97,95,0.0071
97,96,0.0028
97,100,0.0014
97,101,0.0028
97,102,0.0028
97,104,0.0085
97,105,0.0184
97,107,0.0028
97,108,0.0382
97,109,0.0042
98,8,0.0014
98,10,0.0127
98,11,0.0382
98,12,0.1330
98,13,0.1358
98,14,0.0835
98,15,0.0028
98,19,0.0396
98,20,0.0523
98,21,0.0325
98,22,0.0339
98,23,0.0509
98,24,0.0354
98,25,0.0198
98,26,0.0382
98,27,0.0467
98,28,0.0552
98,29,0.0368
98,30,0.0467
98,31,0.0594
98,32,0.0156
98,33,0.0226
98,34,0.0141
98,35,0.0014
98,38,0.0297
98,45,0.0014
98,47,0.0099
98,50,0.0085
98,51,0.0042
98,53,0.0057
98,54,0.0141
98,55,0.0028
98,56,0.0014
98,62,0.0057
98,63,0.0057
98,72,0.0014
98,79,0.0028
98,80,0.0028
98,86,0.0057
98,87,0.0071
98,88,0.0042
98,89,0.0057
98,90,0.0240
98,91,0.0085
98,94,0.0042
98,95,0.0170
98,96,0.0028
98,97,0.0014
98,98,0.0057
98,100,0.0014
98,102,0.0014
98,104,0.0085
98,105,0.0141
98,106,0.0057
98,107,0.0028
98,108,0.0396
98,109,0.0028
99,7,0.0028
99,8,0.0198
99,9,0.0269
99,10,0.0255
99,11,0.0552
99,12,0.1089
99,13,0.1457
99,14,0.1655
99,15,0.0028
99,18,0.0028
99,19,0.0127
99,20,0.0665
99,21,0.0552
99,22,0.0523
99,23,0.0552
99,24,0.0495
99,25,0.0184
99,26,0.0354
99,27,0.0820
99,28,0.0481
99,29,0.0396
99,30,0.0339
99,31,0.0608
99,32,0.0297
99,33,0.0283
99,34,0.0014
99,35,0.0156
99,37,0.0099
99,38,0.0283
99,45,0.0028
99,46,0.0255
99,47,0.0028
99,48,0.0014
99,49,0.0028
99,50,0.0028
99,51,0.0156
99,53,0.0057
99,54,0.0099
99,55,0.0354
99,56,0.0014
99,61,0.0057
99,62,0.0014
99,86,0.0028
99,87,0.0099
99,88,0.0028
99,90,0.0042
99,91,0.0042
99,92,0.0057
99,95,0.0042
99,96,0.0156
99,98,0.0014
99,99,0.0014
99,100,0.0014
99,101,0.0028
99,102,0.0014
99,103,0.0014
99,104,0.0099
99,105,0.0113
99,106,0.0113
99,107,0.0028
99,108,0.0622
99,109,0.0028
100,7,0.0198
100,8,0.0283
100,9,0.0014
100,10,0.0071
100,11,0.0410
100,12,0.1612
100,13,0.1570
100,14,0.2348
100,15,0.0113
100,20,0.0566
100,21,0.0665
100,22,0.0453
100,23,0.0594
100,24,0.0495
100,25,0.0396
100,26,0.0424
100,27,0.0438
100,28,0.0990
100,29,0.0410
100,30,0.0368
100,31,0.1061
100,32,0.0438
100,33,0.0269
100,34,0.0028
100,35,0.0071
100,37,0.0099
100,38,0.0212
100,46,0.0354
100,47,0.0057
100,48,0.0057
100,49,0.0028
100,51,0.0099
100,52,0.0014
100,53,0.0028
100,55,0.0099
100,56,0.0113
100,57,0.0028
100,60,0.0028
100,61,0.0057
100,72,0.0014
100,78,0.0042
100,79,0.0014
100,87,0.0028
100,88,0.0057
100,91,0.0028
100,92,0.0057
100,93,0.0042
100,95,0.0028
100,96,0.0071
100,97,0.0156
100,100,0.0014
100,101,0.0014
100,102,0.0028
100,103,0.0071
100,104,0.0057
100,105,0.0071
100,106,0.0042
100,107,0.0071
100,108,0.0311
100,109,0.0042
101,7,0.0042
101,8,0.0014
101,9,0.0014
101,10,0.0071
101,11,0.0976
101,12,0.0580
101,13,0.1117
101,14,0.1825
101,15,0.0976
101,16,0.0184
101,17,0.0014
101,19,0.0028
101,20,0.0255
101,21,0.0891
101,22,0.0339
101,23,0.0764
101,24,0.0339
101,25,0.0495
101,26,0.2122
101,27,0.0580
101,28,0.0636
101,29,0.0453
101,30,0.0495
101,31,0.0382
101,32,0.0622
101,33,0.0382
101,34,0.0071
101,35,0.0057
101,37,0.0127
101,38,0.0297
101,45,0.0014
101,49,0.0028
101,50,0.0057
101,51,0.0085
101,52,0.0127
101,53,0.0028
101,54,0.0014
101,56,0.0042
101,57,0.0042
101,60,0.0099
101,85,0.0014
101,87,0.0028
101,88,0.0156
101,90,0.0028
101,92,0.0014
101,93,0.0099
101,94,0.0028
101,96,0.0014
101,97,0.0042
101,98,0.0141
101,101,0.0014
101,102,0.0042
101,103,0.0085
101,105,0.0113
101,106,0.0085
101,107,0.0071
101,108,0.0467
101,109,0.0014
102,7,0.0283
102,9,0.0014
102,10,0.0028
102,11,0.0283
102,13,0.0552
102,14,0.2065
102,15,0.1810
102,16,0.0792
102,17,0.0141
102,18,0.0042
102,19,0.0042
102,20,0.0028
102,21,0.0736
102,22,0.0014
102,23,0.0523
102,24,0.0523
102,25,0.0580
102,26,0.0736
102,27,0.1075
102,28,0.1414
102,29,0.0608
102,30,0.0580
102,31,0.0651
102,32,0.0806
102,33,0.1344
102,34,0.0085
102,35,0.0071
102,37,0.0255
102,38,0.0198
102,39,0.0014
102,49,0.0014
102,51,0.0014
102,52,0.0198
102,53,0.0028
102,54,0.0028
102,56,0.0014
102,57,0.0156
102,58,0.0085
102,59,0.0028
102,60,0.0014
102,78,0.0028
102,85,0.0014
102,89,0.0127
102,90,0.0028
102,93,0.0042
102,94,0.0099
102,95,0.0014
102,98,0.0014
102,99,0.0170
102,100,0.0028
102,102,0.0071
102,103,0.0071
102,104,0.0028
102,105,0.0085
102,106,0.0113
102,107,0.0113
102,108,0.0339
102,109,0.0042
103,5,0.0028
103,6,0.0014
103,7,0.0099
103,8,0.0014
103,9,0.0099
103,10,0.0014
103,11,0.0396
103,12,0.0042
103,13,0.0693
103,14,0.1245
103,15,0.1711
103,16,0.1740
103,17,0.0580
103,18,0.0184
103,19,0.0042
103,20,0.0042
103,21,0.0580
103,23,0.0467
103,24,0.0509
103,25,0.0806
103,26,0.1188
103,27,0.1033
103,28,0.1174
103,29,0.1231
103,30,0.1598
103,31,0.1372
103,32,0.1344
103,33,0.0948
103,34,0.0170
103,37,0.0113
103,38,0.2122
103,39,0.0014
103,52,0.0028
103,53,0.0170
103,54,0.0014
103,58,0.0085
103,59,0.0099
103,73,0.0014
103,77,0.0014
103,78,0.0014
103,85,0.0028
103,86,0.0014
103,88,0.0028
103,89,0.0014
103,90,0.0085
103,91,0.0028
103,92,0.0014
103,93,0.0014
103,94,0.0014
103,95,0.0099
103,96,0.0042
103,97,0.0028
103,98,0.0042
103,99,0.0071
103,100,0.0141
103,103,0.0071
103,104,0.0028
103,105,0.0099
103,106,0.0071
103,107,0.0156
103,108,0.0368
103,109,0.0028
104,7,0.0269
104,8,0.0014
104,9,0.0099
104,11,0.0127
104,12,0.0580
104,13,0.0905
104,14,0.1372
104,15,0.1414
104,16,0.1909
104,17,0.1909
104,18,0.0622
104,19,0.0127
104,20,0.0085
104,21,0.0622
104,22,0.0014
104,23,0.0509
104,24,0.1103
104,25,0.1330
104,26,0.0990
104,27,0.0127
104,28,0.0028
104,30,0.0608
104,31,0.0042
104,32,0.0552
104,33,0.4116
104,34,0.0438
104,35,0.0028
104,37,0.0311
104,38,0.0212
104,39,0.0042
104,45,0.0014
104,53,0.0184
104,54,0.0141
104,55,0.0014
104,56,0.0014
104,58,0.0099
104,59,0.0113
104,60,0.0028
104,77,0.0028
104,84,0.0028
104,86,0.0014
104,90,0.0028
104,91,0.0170
104,92,0.0028
104,93,0.0042
104,95,0.0028
104,97,0.0028
104,98,0.0014
104,100,0.0071
104,101,0.0170
104,102,0.0057
104,103,0.0127
104,104,0.0014
104,105,0.0057
104,106,0.0170
104,107,0.0127
104,108,0.0438
104,109,0.0028
105,7,0.0014
105,8,0.0028
105,9,0.0127
105,10,0.0085
105,11,0.0354
105,12,0.0523
105,13,0.0820
105,14,0.1117
105,15,0.1627
105,16,0.1909
105,17,0.2475
105,18,0.2037
105,19,0.0778
105,20,0.0170
105,21,0.0905
105,22,0.0537
105,23,0.0849
105,24,0.2136
105,25,0.0212
105,26,0.1061
105,27,0.0283
105,33,0.0594
105,34,0.1867
105,35,0.0028
105,36,0.0014
105,37,0.0255
105,38,0.0113
105,39,0.0057
105,54,0.0127
105,55,0.0028
105,56,0.0042
105,57,0.0057
105,58,0.0028
105,59,0.0014
105,60,0.0085
105,61,0.0042
105,73,0.0014
105,76,0.0014
105,77,0.0014
105,84,0.0042
105,88,0.0028
105,89,0.0014
105,90,0.0014
105,92,0.0071
105,95,0.0085
105,101,0.0113
105,102,0.0113
105,103,0.0071
105,105,0.0071
105,106,0.0141
105,107,0.0198
105,108,0.0297
105,109,0.0014
106,10,0.0028
106,11,0.0311
106,12,0.0212
106,13,0.0410
106,14,0.0849
106,15,0.1287
106,16,0.1669
106,17,0.2786
106,18,0.2942
106,19,0.2320
106,20,0.0806
106,21,0.1344
106,22,0.1160
106,23,0.1075
106,24,0.3451
106,25,0.0071
106,26,0.0014
106,27,0.0721
106,32,0.0750
106,33,0.0028
106,34,0.2164
106,35,0.0085
106,37,0.0255
106,38,0.0269
106,39,0.0141
106,41,0.0028
106,46,0.0198
106,54,0.0141
106,55,0.0057
106,56,0.0240
106,57,0.0042
106,58,0.0028
106,59,0.0042
106,60,0.0042
106,61,0.0099
106,62,0.0113
106,74,0.0014
106,76,0.0014
106,83,0.0028
106,86,0.0014
106,87,0.0014
106,88,0.0014
106,89,0.0014
106,91,0.0014
106,93,0.0099
106,94,0.0014
106,95,0.0057
106,102,0.0198
106,103,0.0071
106,104,0.0057
106,105,0.0071
106,106,0.0071
106,107,0.0212
106,108,0.0339
106,109,0.0057
107,7,0.0014
107,11,0.0085
107,12,0.0212
107,13,0.0453
107,14,0.0721
107,15,0.1400
107,16,0.2192
107,17,0.2023
107,18,0.3465
107,19,0.5757
107,20,0.3635
107,21,0.3182
107,22,0.2192
107,23,0.2122
107,24,0.2744
107,25,0.0594
107,26,0.0028
107,27,0.0085
107,28,0.0184
107,29,0.0042
107,31,0.0014
107,32,0.0255
107,33,0.0580
107,34,0.2348
107,35,0.0311
107,36,0.0156
107,37,0.0283
107,38,0.0325
107,39,0.0071
107,41,0.0042
107,45,0.0014
107,46,0.0113
107,54,0.0226
107,55,0.0057
107,56,0.0071
107,57,0.0042
107,58,0.0014
107,59,0.0014
107,60,0.0014
107,61,0.0028
107,62,0.0085
107,74,0.0014
107,77,0.0028
107,83,0.0028
107,85,0.0014
107,87,0.0014
107,88,0.0014
107,91,0.0057
107,93,0.0014
107,94,0.0099
107,95,0.0042
107,102,0.0127
107,103,0.0127
107,104,0.0028
107,105,0.0014
107,106,0.0240
107,107,0.0184
107,108,0.0240
107,109,0.0014
108,7,0.0014
108,9,0.0014
108,11,0.0014
108,12,0.0057
108,13,0.0156
108,14,0.0410
108,15,0.0962
108,16,0.1287
108,17,0.2065
108,18,0.2532
108,19,0.3762
108,20,0.4144
108,21,0.4003
108,22,0.3649
108,23,0.3861
108,24,0.3522
108,25,0.3819
108,26,0.2475
108,27,0.1301
108,28,0.0806
108,29,0.0481
108,30,0.0240
108,31,0.0113
108,32,0.0071
108,33,0.0495
108,34,0.1202
108,35,0.2107
108,36,0.0778
108,37,0.0410
108,38,0.0198
108,39,0.0255
108,40,0.0014
108,41,0.0198
108,42,0.0085
108,43,0.0057
108,44,0.0014
108,45,0.0141
108,46,0.0156
108,48,0.0071
108,50,0.0099
108,51,0.0778
108,54,0.0127
108,55,0.0085
108,56,0.0014
108,57,0.0014
108,58,0.0014
108,59,0.0071
108,60,0.0057
108,61,0.0028
108,62,0.0071
108,63,0.0071
108,72,0.0028
108,76,0.0014
108,82,0.0042
108,84,0.0028
108,85,0.0014
108,86,0.0014
108,88,0.0014
108,89,0.0014
108,90,0.0014
108,92,0.0042
108,95,0.0127
108,96,0.0057
108,102,0.0042
108,103,0.0170
108,104,0.0085
108,105,0.0057
108,106,0.0071
108,107,0.0156
108,108,0.0396
108,109,0.0042
109,8,0.0014
109,13,0.0113
109,14,0.0212
109,15,0.0495
109,16,0.0849
109,17,0.1457
109,18,0.3692
109,19,0.3225
109,20,0.4088
109,21,0.5969
109,22,0.4682
109,23,0.4328
109,24,0.3479
109,25,0.4286
109,26,0.3989
109,27,0.2984
109,28,0.2843
109,29,0.2277
109,30,0.1570
109,31,0.1471
109,32,0.0948
109,33,0.1782
109,34,0.1810
109,35,0.1697
109,36,0.1655
109,37,0.2348
109,38,0.1315
109,39,0.0849
109,40,0.0948
109,41,0.0622
109,42,0.0736
109,43,0.0990
109,44,0.1103
109,45,0.0736
109,46,0.0467
109,47,0.0523
109,48,0.0198
109,49,0.0042
109,51,0.0071
109,52,0.0240
109,53,0.0438
109,54,0.0255
109,55,0.0099
109,56,0.0028
109,57,0.0042
109,58,0.0028
109,59,0.0028
109,60,0.0042
109,61,0.0042
109,62,0.0071
109,63,0.0156
109,64,0.0085
109,70,0.0014
109,74,0.0014
109,75,0.0028
109,77,0.0014
109,81,0.0014
109,82,0.0042
109,83,0.0028
109,84,0.0057
109,86,0.0057
109,88,0.0028
109,89,0.0028
109,90,0.0042
109,91,0.0028
109,92,0.0014
109,94,0.0014
109,96,0.0141
109,97,0.0028
109,101,0.0057
109,102,0.0028
109,103,0.0127
109,104,0.0099
109,105,0.0071
109,106,0.0141
109,107,0.2164
109,108,0.0396
109,109,0.0028
110,12,0.0014
110,13,0.0014
110,14,0.0141
110,15,0.0325
110,16,0.0948
110,17,0.1103
110,18,0.1485
110,19,0.2221
110,20,0.3791
110,21,0.3932
110,22,0.4371
110,23,0.4724
110,24,0.4399
110,25,0.4738
110,26,0.4003
110,27,0.4059
110,28,0.5092
110,29,0.3960
110,30,0.3239
110,31,0.2560
110,32,0.2249
110,33,0.2334
110,34,0.2235
110,35,0.1966
110,36,0.2447
110,37,0.1711
110,38,0.2334
110,39,0.1386
110,40,0.1358
110,41,0.1570
110,42,0.1330
110,43,0.1330
110,44,0.1018
110,45,0.1231
110,46,0.1754
110,47,0.0778
110,48,0.1004
110,49,0.0764
110,50,0.0679
110,51,0.0580
110,52,0.0594
110,53,0.0297
110,54,0.0792
110,55,0.0325
110,56,0.0212
110,57,0.0325
110,58,0.0198
110,59,0.0198
110,60,0.0071
110,61,0.0141
110,62,0.0057
110,63,0.0170
110,64,0.0127
110,65,0.0240
110,66,0.0156
110,67,0.0127
110,68,0.0113
110,69,0.0042
110,70,0.0141
110,71,0.0042
110,72,0.0057
110,73,0.0071
110,74,0.0071
110,75,0.0042
110,76,0.0028
110,77,0.0099
110,78,0.0028
110,79,0.0099
110,80,0.0042
110,81,0.0028
110,82,0.0042
110,83,0.0014
110,84,0.0028
110,88,0.0028
110,91,0.0014
110,92,0.0028
110,93,0.0057
110,95,0.0042
110,97,0.0156
110,98,0.0113
110,99,0.0042
110,100,0.0028
110,101,0.0028
110,102,0.0042
110,103,0.0071
110,104,0.0099
110,105,0.0127
110,106,0.0071
110,107,0.0269
110,108,0.0255
110,109,0.0014
111,14,0.0042
111,15,0.0085
111,16,0.0141
111,17,0.0382
111,18,0.1018
111,19,0.1457
111,20,0.2419
111,21,0.3112
111,22,0.2772
111,23,0.3593
111,24,0.3989
111,25,0.4738
111,26,0.4526
111,27,0.4611
111,28,0.3777
111,29,0.4243
111,30,0.3409
111,31,0.4894
111,32,0.3635
111,33,0.3267
111,34,0.3098
111,35,0.2871
111,36,0.2999
111,37,0.2532
111,38,0.2574
111,39,0.2631
111,40,0.1853
111,41,0.1570
111,42,0.1344
111,43,0.1485
111,44,0.0863
111,45,0.0438
111,46,0.0014
111,48,0.0127
111,49,0.0339
111,50,0.0410
111,51,0.0255
111,52,0.0269
111,53,0.0212
111,54,0.0212
111,55,0.0184
111,56,0.0297
111,57,0.0438
111,58,0.0354
111,59,0.0495
111,60,0.0382
111,61,0.0934
111,62,0.0636
111,63,0.0721
111,64,0.0438
111,65,0.0594
111,66,0.0552
111,67,0.0453
111,68,0.0438
111,69,0.0396
111,70,0.0410
111,71,0.0297
111,72,0.0226
111,73,0.0382
111,74,0.0410
111,75,0.0438
111,76,0.0438
111,77,0.0410
111,78,0.0424
111,79,0.0495
111,80,0.0453
111,81,0.0495
111,82,0.0523
111,83,0.0750
111,84,0.0240
111,87,0.0028
111,88,0.0014
111,90,0.0028
111,92,0.0085
111,93,0.0028
111,94,0.0085
111,95,0.0028
111,96,0.0057
111,97,0.0099
111,98,0.0057
111,99,0.0226
111,100,0.0141
111,101,0.0071
111,102,0.0057
111,103,0.0014
111,104,0.0085
111,105,0.0057
111,106,0.0184
111,107,0.0198
111,108,0.0438
111,109,0.0028
112,17,0.0057
112,18,0.0099
112,19,0.0113
112,20,0.1089
112,21,0.1683
112,22,0.2306
112,23,0.2574
112,24,0.3522
112,25,0.4144
112,26,0.5021
112,27,0.4342
112,28,0.4866
112,29,0.4441
112,30,0.2843
112,31,0.3437
112,32,0.3451
112,33,0.3494
112,34,0.3253
112,35,0.2956
112,36,0.4173
112,37,0.3281
112,38,0.2815
112,39,0.2164
112,40,0.2079
112,41,0.1598
112,42,0.2164
112,43,0.1697
112,44,0.1598
112,45,0.1584
112,46,0.0792
112,47,0.1089
112,48,0.0806
112,49,0.0636
112,50,0.0990
112,51,0.0707
112,52,0.0297
112,53,0.0269
112,54,0.0297
112,55,0.0198
112,56,0.0141
112,57,0.0099
112,58,0.0141
112,59,0.0028
112,60,0.0028
112,63,0.0099
112,64,0.0184
112,65,0.0467
112,66,0.0184
112,67,0.0410
112,68,0.0184
112,69,0.0113
112,70,0.0269
112,71,0.0339
112,72,0.0240
112,73,0.0325
112,74,0.0269
112,75,0.0156
112,76,0.0226
112,77,0.0255
112,78,0.0226
112,79,0.0240
112,80,0.0085
112,81,0.0071
112,82,0.0042
112,84,0.0552
112,85,0.0523
112,86,0.0467
112,87,0.0509
112,88,0.0283
112,89,0.0198
112,90,0.0099
112,91,0.0042
112,92,0.0042
112,93,0.0028
112,94,0.0028
112,98,0.0014
112,99,0.0042
112,100,0.0071
112,101,0.0184
112,102,0.0057
112,103,0.0127
112,104,0.0240
112,105,0.0071
112,106,0.0226
112,107,0.0453
112,108,0.0410
112,109,0.0042
113,17,0.0014
113,19,0.0014
113,20,0.0014
113,21,0.0226
113,22,0.0976
113,23,0.2037
113,24,0.2532
113,25,0.2716
113,26,0.3296
113,27,0.3366
113,28,0.3380
113,29,0.4116
113,30,0.3579
113,31,0.3423
113,32,0.3975
113,33,0.3522
113,34,0.3451
113,35,0.2984
113,36,0.2772
113,37,0.2673
113,38,0.3182
113,39,0.5064
113,40,0.2885
113,41,0.2079
113,42,0.1740
113,43,0.1796
113,44,0.1612
113,45,0.1782
113,46,0.2320
113,47,0.1471
113,48,0.1273
113,49,0.1033
113,50,0.1697
113,51,0.0665
113,52,0.0622
113,53,0.0396
113,54,0.0453
113,55,0.0396
113,56,0.0410
113,57,0.0311
113,58,0.0297
113,59,0.0608
113,60,0.0198
113,61,0.0014
113,63,0.0679
113,64,0.0141
113,65,0.0170
113,66,0.0212
113,67,0.0424
113,68,0.1061
113,69,0.0368
113,70,0.0580
113,71,0.0325
113,72,0.0396
113,73,0.0877
113,74,0.0410
113,75,0.0707
113,76,0.2631
113,77,0.0523
113,78,0.0651
113,79,0.0707
113,80,0.1188
113,81,0.0255
113,82,0.0665
113,84,0.0368
113,85,0.0156
113,86,0.0212
113,87,0.0184
113,88,0.0382
113,89,0.0424
113,90,0.0283
113,91,0.0438
113,92,0.0339
113,93,0.0198
113,94,0.0354
113,95,0.0198
113,96,0.0198
113,97,0.0113
113,98,0.0085
113,99,0.0057
113,100,0.0042
113,101,0.0113
113,102,0.0014
113,103,0.0127
113,104,0.0156
113,105,0.0269
113,106,0.0099
113,107,0.0424
113,108,0.0693
114,19,0.0014
114,21,0.0028
114,22,0.0099
114,23,0.0453
114,24,0.1287
114,25,0.1372
114,26,0.1825
114,27,0.1810
114,28,0.2716
114,29,0.2249
114,30,0.2617
114,31,0.2801
114,32,0.2956
114,33,0.2475
114,34,0.2702
114,35,0.2376
114,36,0.3098
114,37,0.2277
114,38,0.2730
114,39,0.2164
114,40,0.1909
114,41,0.1301
114,42,0.1443
114,43,0.1160
114,44,0.1216
114,45,0.1033
114,46,0.1188
114,47,0.2150
114,48,0.0792
114,49,0.1004
114,50,0.0693
114,51,0.0552
114,52,0.0424
114,53,0.0707
114,54,0.0580
114,55,0.0481
114,56,0.0368
114,57,0.0495
114,58,0.0820
114,59,0.0580
114,60,0.0721
114,61,0.0948
114,62,0.0948
114,63,0.0679
114,64,0.0594
114,65,0.0523
114,66,0.0396
114,67,0.0622
114,68,0.0269
114,69,0.0354
114,70,0.2306
114,71,0.0354
114,72,0.0240
114,73,0.1471
114,74,0.0382
114,75,0.0354
114,76,0.0679
114,77,0.0368
114,78,0.0382
114,79,0.0396
114,80,0.0297
114,81,0.0240
114,82,0.0226
114,83,0.0255
114,84,0.0297
114,85,0.0014
114,87,0.0014
114,90,0.0113
114,91,0.0141
114,92,0.0156
114,93,0.0240
114,94,0.0311
114,95,0.0226
114,96,0.0325
114,97,0.0240
114,98,0.0283
114,99,0.0325
114,100,0.0240
114,101,0.0269
114,102,0.0198
114,103,0.0283
114,104,0.0170
114,105,0.0849
114,106,0.0552
114,107,0.1047
114,108,0.0863
114,109,0.0552
114,110,0.0113
115,21,0.0042
115,22,0.0141
115,23,0.0014
115,24,0.0339
115,25,0.1231
115,26,0.1018
115,27,0.0934
115,28,0.1358
115,29,0.1188
115,30,0.1740
115,31,0.1782
115,32,0.1330
115,33,0.1528
115,34,0.1160
115,35,0.1287
115,36,0.0934
115,37,0.1188
115,38,0.1061
115,39,0.1075
115,40,0.0622
115,41,0.0849
115,42,0.0707
115,43,0.0467
115,44,0.0580
115,45,0.0438
115,46,0.0240
115,47,0.0495
115,48,0.0127
115,49,0.0085
115,50,0.0156
115,51,0.0099
115,57,0.0226
115,59,0.0028
115,60,0.0014
115,61,0.0042
115,62,0.0269
115,63,0.0099
115,64,0.0071
115,65,0.0028
115,66,0.0071
115,67,0.0071
115,68,0.0042
115,69,0.0071
115,70,0.0057
115,71,0.0057
115,72,0.0042
115,73,0.0057
115,74,0.0141
115,75,0.0170
115,76,0.0057
115,77,0.0042
115,78,0.0028
115,79,0.0028
115,80,0.0042
115,81,0.0071
115,82,0.0057
115,83,0.0113
115,84,0.0042
115,91,0.0028
115,92,0.0014
115,93,0.0057
115,94,0.0113
115,95,0.0127
115,96,0.0057
115,97,0.0127
115,98,0.0184
115,99,0.0212
115,100,0.0184
115,101,0.0354
115,102,0.0212
115,103,0.0453
115,104,0.0495
115,105,0.0750
115,106,0.1358
115,107,0.1400
115,108,0.3352
115,109,0.0693
115,110,0.0198
116,19,0.0014
116,22,0.0071
116,23,0.0014
116,24,0.0028
116,25,0.0665
116,26,0.0665
116,27,0.0057
116,28,0.0212
116,29,0.1202
116,30,0.1287
116,31,0.0113
116,32,0.0113
116,33,0.0339
116,34,0.0339
116,35,0.0424
116,36,0.0325
116,37,0.0283
116,38,0.0339
116,39,0.0410
116,40,0.0396
116,41,0.0382
116,42,0.0198
116,43,0.0127
116,44,0.0354
116,45,0.0198
116,46,0.0297
116,47,0.0156
116,48,0.0170
116,49,0.0028
116,50,0.0184
116,69,0.0014
116,70,0.0028
116,72,0.0014
116,73,0.0014
116,74,0.0057
116,75,0.0057
116,76,0.0028
116,77,0.0071
116,78,0.0057
116,79,0.0057
116,80,0.0042
116,81,0.0085
116,82,0.0085
116,83,0.0085
116,84,0.0113
116,85,0.0127
116,86,0.0113
116,87,0.0057
116,88,0.0113
116,89,0.0057
116,90,0.0099
116,91,0.0057
116,92,0.0042
116,93,0.0057
116,94,0.0071
116,95,0.0085
116,96,0.0042
116,97,0.0113
116,98,0.0057
116,99,0.0141
116,100,0.0141
116,101,0.0141
116,102,0.0212
116,103,0.0424
116,104,0.0255
116,105,0.0467
116,106,0.0736
116,107,0.1895
116,108,0.2970
116,109,0.1641
116,110,0.2730
116,111,0.0071
117,19,0.0240
117,20,0.0283
117,22,0.0028
117,25,0.0636
117,26,0.1202
117,27,0.0014
117,28,0.0028
117,29,0.0962
117,30,0.0552
117,31,0.0028
117,32,0.0028
117,35,0.0071
117,40,0.0099
117,41,0.0042
117,42,0.0127
117,43,0.0141
117,44,0.0014
117,72,0.0028
117,74,0.0014
117,84,0.0028
117,85,0.0014
117,86,0.0057
117,87,0.0028
117,88,0.0057
117,89,0.0071
117,90,0.0028
117,91,0.0042
117,92,0.0028
117,93,0.0057
117,94,0.0057
117,95,0.0042
117,96,0.0085
117,97,0.0042
117,98,0.0028
117,99,0.0028
117,101,0.0042
117,103,0.0014
117,106,0.0071
117,107,0.0665
117,108,0.1924
117,109,0.2518
117,110,0.0566
117,111,0.0184
118,19,0.0057
118,25,0.0127
118,26,0.0806
118,29,0.1216
118,30,0.0453
118,34,0.0014
118,35,0.0226
118,40,0.0255
118,42,0.0042
118,43,0.0057
118,44,0.0028
118,91,0.0042
118,94,0.0014
118,106,0.0438
118,107,0.0566
118,108,0.1216
118,109,0.0622
118,110,0.0537
118,111,0.0368
118,112,0.0014
119,18,0.0141
119,19,0.0764
119,24,0.0127
119,25,0.0057
119,26,0.1103
119,27,0.0184
119,29,0.0764
119,30,0.0042
119,31,0.0240
119,32,0.0042
119,33,0.0014
119,35,0.0042
119,106,0.0141
119,107,0.0580
119,108,0.0580
119,109,0.0184
119,110,0.0537
119,111,0.0537
119,112,0.0453
120,26,0.0325
120,27,0.0764
120,28,0.0665
120,29,0.0594
120,30,0.0170
120,32,0.0099
120,35,0.0057
120,107,0.0028
120,108,0.0226
120,109,0.1584
120,110,0.0467
120,111,0.0636
121,24,0.0099
121,25,0.0028
121,26,0.0141
121,28,0.0099
121,30,0.0085
121,31,0.0099
121,32,0.0283
121,33,0.0099
121,34,0.0057
121,35,0.0113
121,106,0.0113
121,107,0.0057
121,109,0.0028
122,22,0.0028
122,24,0.0014
122,33,0.0014
122,34,0.0014
122,107,0.0198
