team,time,value
1,0,29
1,1,29
1,2,29
1,3,29
1,4,29
1,5,29
1,6,34
1,7,34
1,8,34
1,9,46
1,10,34
1,11,34
1,12,34
1,13,34
1,14,34
1,15,35
1,16,33
1,17,45
1,18,45
1,19,51
1,20,39
1,21,51
1,22,51
1,23,51
1,24,39
1,25,40
1,26,40
1,27,40
1,28,40
1,29,40
1,30,40
1,31,40
1,32,64
1,33,52
1,34,52
1,35,52
1,36,50
1,37,50
1,38,44
1,39,44
1,40,44
1,41,44
1,42,50
1,43,38
1,44,25
1,45,25
1,46,31
1,47,31
1,48,41
1,49,29
1,50,29
1,51,29
1,52,29
1,53,29
1,54,29
1,55,29
1,56,29
1,57,29
1,58,29
1,59,29
1,60,29
1,61,35
1,62,35
1,63,35
1,64,35
1,65,47
1,66,33
1,67,33
1,68,33
1,69,33
1,70,24
1,71,33
1,72,33
1,73,39
1,74,39
1,75,40
1,76,40
1,77,40
1,78,40
1,79,40
1,80,40
1,81,40
1,82,40
1,83,40
1,84,40
1,85,40
1,86,40
1,87,40
1,88,40
1,89,40
1,90,40
1,91,40
1,92,42
1,93,54
1,94,54
1,95,48
1,96,48
1,97,48
1,98,48
1,99,47
1,100,47
1,101,51
1,102,45
1,103,45
1,104,45
1,105,51
1,106,39
1,107,39
1,108,47
1,109,47
1,110,47
1,111,47
1,112,47
1,113,47
1,114,39
1,115,39
1,116,39
1,117,39
1,118,39
1,119,39
1,120,39
1,121,39
1,122,47
1,123,47
1,124,59
1,125,53
1,126,53
1,127,53
1,128,45
1,129,45
1,130,45
1,131,45
1,132,45
1,133,45
1,134,53
1,135,53
1,136,59
1,137,47
1,138,51
1,139,51
1,140,51
1,141,47
1,142,47
1,143,47
1,144,47
1,145,48
1,146,48
1,147,48
1,148,42
1,149,42
1,150,54
1,151,54
1,152,54
1,153,66
1,154,66
1,155,60
1,156,60
1,157,54
1,158,54
1,159,46
1,160,46
1,161,46
1,162,46
1,163,52
1,164,40
1,165,40
1,166,39
1,167,39
1,168,39
1,169,39
1,170,40
1,171,40
1,172,47
1,173,47
1,174,47
1,175,53
1,176,53
1,177,53
1,178,41
1,179,53
1,180,47
1,181,47
1,182,47
1,183,47
1,184,47
1,185,47
1,186,47
1,187,46
1,188,46
1,189,64
1,190,59
1,191,56
1,192,56
1,193,43
1,194,43
1,195,43
1,196,43
1,197,49
1,198,37
1,199,38
1,200,38
1,201,38
1,202,38
1,203,38
1,204,38
1,205,38
1,206,38
1,207,38
1,208,38
1,209,38
1,210,41
1,211,41
1,212,41
1,213,41
1,214,41
1,215,41
1,216,41
1,217,41
1,218,41
1,219,41
1,220,41
1,221,41
1,222,41
1,223,41
1,224,41
1,225,41
1,226,41
1,227,41
1,228,41
1,229,41
1,230,41
1,231,41
1,232,42
1,233,42
1,234,42
1,235,54
1,236,40
1,237,40
1,238,40
1,239,40
1,240,42
1,241,42
1,242,42
1,243,42
1,244,42
1,245,42
1,246,42
1,247,40
1,248,40
1,249,40
1,250,40
1,251,40
1,252,42
1,253,42
1,254,42
1,255,42
1,256,41
1,257,41
1,258,41
1,259,41
1,260,41
1,261,41
1,262,41
1,263,41
1,264,41
1,265,41
1,266,41
1,267,41
1,268,41
1,269,41
1,270,41
1,271,41
1,272,41
1,273,41
1,274,41
1,275,41
1,276,41
1,277,41
1,278,41
1,279,41
1,280,41
1,281,41
1,282,41
1,283,41
1,284,41
1,285,41
1,286,41
1,287,41
1,288,41
1,289,41
1,290,41
1,291,41
1,292,41
1,293,41
1,294,41
1,295,41
1,296,41
1,297,41
1,298,41
1,299,41
1,300,41
1,301,41
1,302,41
1,303,41
1,304,41
1,305,31
1,306,31
1,307,31
1,308,31
1,309,31
1,310,31
1,311,31
1,312,43
1,313,37
1,314,37
1,315,37
1,316,36
1,317,36
1,318,36
1,319,47
1,320,47
1,321,47
1,322,47
1,323,55
1,324,55
1,325,52
1,326,38
1,327,52
1,328,40
1,329,40
1,330,40
1,331,40
1,332,40
1,333,40
1,334,47
1,335,47
1,336,47
1,337,37
1,338,43
1,339,33
1,340,49
1,341,37
1,342,37
1,343,37
1,344,37
1,345,35
1,346,37
1,347,39
1,348,39
1,349,33
1,350,33
1,351,47
1,352,47
1,353,49
1,354,47
1,355,47
1,356,53
1,357,49
1,358,37
1,359,37
1,360,37
1,361,37
1,362,37
1,363,37
1,364,37
1,365,49
1,366,41
1,367,41
1,368,41
1,369,41
1,370,41
1,371,53
1,372,41
1,373,41
1,374,41
1,375,53
1,376,41
1,377,41
1,378,41
1,379,41
1,380,41
1,381,41
1,382,41
1,383,37
1,384,61
1,385,61
1,386,61
1,387,49
1,388,49
1,389,41
1,390,41
1,391,27
1,392,23
1,393,27
1,394,23
1,395,38
1,396,38
1,397,37
1,398,37
1,399,37
1,400,37
1,401,37
1,402,43
1,403,43
1,404,55
1,405,41
1,406,41
1,407,41
1,408,43
1,409,34
1,410,34
1,411,33
1,412,33
1,413,33
1,414,33
1,415,33
1,416,33
1,417,33
1,418,45
1,419,45
1,420,45
1,421,34
1,422,34
1,423,34
1,424,34
1,425,35
1,426,35
1,427,35
1,428,35
1,429,35
1,430,35
1,431,59
1,432,61
1,433,37
1,434,49
1,435,37
1,436,37
1,437,38
1,438,38
1,439,38
1,440,38
1,441,38
1,442,38
1,443,38
1,444,37
1,445,37
1,446,49
1,447,62
1,448,55
1,449,43
1,450,44
1,451,48
1,452,48
1,453,48
1,454,48
1,455,48
1,456,42
1,457,42
1,458,32
1,459,33
1,460,33
1,461,37
1,462,37
1,463,37
1,464,37
1,465,37
1,466,37
1,467,37
1,468,37
1,469,37
1,470,37
1,471,37
1,472,37
1,473,37
1,474,37
1,475,37
1,476,33
1,477,42
1,478,42
1,479,42
1,480,42
1,481,41
1,482,42
1,483,42
1,484,39
1,485,39
1,486,39
1,487,40
1,488,39
1,489,44
1,490,35
1,491,47
1,492,47
1,493,47
1,494,35
1,495,37
1,496,25
1,497,37
1,498,49
1,499,49
1,500,49
1,501,50
1,502,38
1,503,42
1,504,42
1,505,42
1,506,42
1,507,38
1,508,50
1,509,38
1,510,42
1,511,42
1,512,46
1,513,46
1,514,45
1,515,45
1,516,44
1,517,44
1,518,45
1,519,41
1,520,53
1,521,52
1,522,56
1,523,42
1,524,42
1,525,39
1,526,39
1,527,65
1,528,53
1,529,53
1,530,42
1,531,42
1,532,42
1,533,42
1,534,42
1,535,42
1,536,48
1,537,48
1,538,42
1,539,42
1,540,42
1,541,42
1,542,42
1,543,42
1,544,32
1,545,32
1,546,32
1,547,44
1,548,32
1,549,32
1,550,32
1,551,32
1,552,32
1,553,32
1,554,32
1,555,32
1,556,32
1,557,32
1,558,32
1,559,32
1,560,32
1,561,32
1,562,32
1,563,32
1,564,32
1,565,36
1,566,36
1,567,32
1,568,38
1,569,38
1,570,38
1,571,38
1,572,38
1,573,43
1,574,38
1,575,38
1,576,32
1,577,32
1,578,32
1,579,34
1,580,46
1,581,51
1,582,57
1,583,49
1,584,44
1,585,44
1,586,44
1,587,54
1,588,42
1,589,42
1,590,36
1,591,36
1,592,36
1,593,36
1,594,36
1,595,36
1,596,32
1,597,56
1,598,32
1,599,32
1,600,32
1,601,32
1,602,32
1,603,44
1,604,44
1,605,32
1,606,32
1,607,32
1,608,32
1,609,32
1,610,32
1,611,42
1,612,42
1,613,42
1,614,42
1,615,42
1,616,40
1,617,40
1,618,40
1,619,40
1,620,40
1,621,54
1,622,42
1,623,42
1,624,42
1,625,42
1,626,42
1,627,42
1,628,46
1,629,46
1,630,46
1,631,46
1,632,46
1,633,37
1,634,37
1,635,37
1,636,37
1,637,37
1,638,28
1,639,28
1,640,28
1,641,40
1,642,28
1,643,28
1,644,28
1,645,28
1,646,28
1,647,28
1,648,40
1,649,28
1,650,28
1,651,28
1,652,28
1,653,28
1,654,28
1,655,28
1,656,28
1,657,32
1,658,32
1,659,47
1,660,47
1,661,62
1,662,62
1,663,62
1,664,62
1,665,62
1,666,62
1,667,62
1,668,72
1,669,70
1,670,70
1,671,76
1,672,76
1,673,76
1,674,72
1,675,71
1,676,70
1,677,71
1,678,73
1,679,73
1,680,51
1,681,53
1,682,41
1,683,61
1,684,61
1,685,57
1,686,57
1,687,57
1,688,64
1,689,64
1,690,64
1,691,61
1,692,53
1,693,53
1,694,53
1,695,43
1,696,49
1,697,47
1,698,47
1,699,47
1,700,48
1,701,49
1,702,49
1,703,49
1,704,49
1,705,49
1,706,45
1,707,45
1,708,35
1,709,35
1,710,35
1,711,29
1,712,29
1,713,29
1,714,50
1,715,38
1,716,42
1,717,38
1,718,38
1,719,42
1,720,42
1,721,42
1,722,42
1,723,42
1,724,38
1,725,34
1,726,34
1,727,34
1,728,56
1,729,42
1,730,42
1,731,42
1,732,42
1,733,44
1,734,54
1,735,60
1,736,60
1,737,52
1,738,52
1,739,52
1,740,52
1,741,52
1,742,52
1,743,52
1,744,51
1,745,52
1,746,52
1,747,52
1,748,52
1,749,52
1,750,52
1,751,52
1,752,52
1,753,64
1,754,56
1,755,56
1,756,68
1,757,58
1,758,58
1,759,68
1,760,68
1,761,68
1,762,68
1,763,70
1,764,70
1,765,68
1,766,67
1,767,67
1,768,67
1,769,71
1,770,71
1,771,69
1,772,69
1,773,54
1,774,54
1,775,37
1,776,37
1,777,37
1,778,37
1,779,36
1,780,10
1,781,10
1,782,12
1,783,15
1,784,15
1,785,15
1,786,27
1,787,21
1,788,21
1,789,13
1,790,12
1,791,12
1,792,12
1,793,11
1,794,11
1,795,20
1,796,23
1,797,25
1,798,25
1,799,25
1,800,26
1,801,30
1,802,30
1,803,30
1,804,30
1,805,30
1,806,30
1,807,32
1,808,40
1,809,40
1,810,39
1,811,45
1,812,46
1,813,34
1,814,33
1,815,33
1,816,33
1,817,33
1,818,33
1,819,33
1,820,33
1,821,33
1,822,29
1,823,29
1,824,29
1,825,36
1,826,48
1,827,54
1,828,30
1,829,39
1,830,31
1,831,31
1,832,41
1,833,55
1,834,31
1,835,32
1,836,42
1,837,26
1,838,26
1,839,26
1,840,26
1,841,25
1,842,25
1,843,25
1,844,25
1,845,22
1,846,23
1,847,31
1,848,31
1,849,31
1,850,31
1,851,37
1,852,25
1,853,29
1,854,33
1,855,33
1,856,33
1,857,33
1,858,33
1,859,33
1,860,33
1,861,33
1,862,33
1,863,33
1,864,41
1,865,33
1,866,33
1,867,31
1,868,31
1,869,29
1,870,29
1,871,29
1,872,29
1,873,29
1,874,29
1,875,29
1,876,29
1,877,25
1,878,25
1,879,34
1,880,35
1,881,31
1,882,39
1,883,39
1,884,45
1,885,33
1,886,33
1,887,33
1,888,33
1,889,33
1,890,33
1,891,33
1,892,33
1,893,33
1,894,33
1,895,45
1,896,42
1,897,42
1,898,42
1,899,42
1,900,42
1,901,42
1,902,42
1,903,42
1,904,42
1,905,66
1,906,48
1,907,48
1,908,48
1,909,40
1,910,40
1,911,44
1,912,44
1,913,43
1,914,43
1,915,51
1,916,51
1,917,52
1,918,46
1,919,47
1,920,51
1,921,50
1,922,46
1,923,53
1,924,48
1,925,48
1,926,56
1,927,53
1,928,49
1,929,33
1,930,41
1,931,49
1,932,49
1,933,45
1,934,41
1,935,41
1,936,41
1,937,41
1,938,41
1,939,53
1,940,53
1,941,53
1,942,53
1,943,53
1,944,53
1,945,55
1,946,55
1,947,55
1,948,55
1,949,55
1,950,55
1,951,55
1,952,61
1,953,61
1,954,61
1,955,57
1,956,57
1,957,57
1,958,57
1,959,57
1,960,57
1,961,57
1,962,57
1,963,57
1,964,65
1,965,57
1,966,57
1,967,57
1,968,57
1,969,57
1,970,49
1,971,49
1,972,49
1,973,41
1,974,25
1,975,29
1,976,29
1,977,32
1,978,32
1,979,32
1,980,32
1,981,32
1,982,32
1,983,32
1,984,32
1,985,32
1,986,41
1,987,41
1,988,50
1,989,50
1,990,50
1,991,50
1,992,46
1,993,46
1,994,50
1,995,50
1,996,50
1,997,50
1,998,46
1,999,42
1,1000,42
1,1001,42
1,1002,42
1,1003,43
1,1004,42
1,1005,42
1,1006,42
1,1007,56
1,1008,56
1,1009,48
1,1010,48
1,1011,42
1,1012,41
1,1013,41
1,1014,41
1,1015,41
1,1016,40
1,1017,42
1,1018,42
1,1019,42
1,1020,42
1,1021,42
1,1022,42
1,1023,42
1,1024,42
1,1025,54
1,1026,46
1,1027,46
1,1028,46
1,1029,45
1,1030,45
1,1031,45
1,1032,45
1,1033,45
1,1034,45
1,1035,57
1,1036,43
1,1037,43
1,1038,43
1,1039,43
1,1040,44
1,1041,44
1,1042,44
1,1043,44
1,1044,44
1,1045,44
1,1046,44
1,1047,44
1,1048,44
1,1049,58
1,1050,40
1,1051,40
1,1052,40
1,1053,40
1,1054,40
1,1055,40
1,1056,40
1,1057,44
1,1058,34
1,1059,34
1,1060,34
1,1061,34
1,1062,34
1,1063,34
1,1064,34
1,1065,32
1,1066,32
1,1067,32
1,1068,32
1,1069,32
1,1070,32
1,1071,32
1,1072,46
1,1073,46
1,1074,46
1,1075,32
1,1076,32
1,1077,32
1,1078,46
1,1079,36
1,1080,31
1,1081,31
1,1082,31
1,1083,25
1,1084,40
1,1085,40
1,1086,40
1,1087,40
1,1088,42
1,1089,44
1,1090,44
1,1091,44
1,1092,44
1,1093,44
1,1094,42
1,1095,42
1,1096,42
1,1097,42
1,1098,42
1,1099,42
1,1100,56
1,1101,58
1,1102,58
1,1103,56
1,1104,44
1,1105,54
1,1106,58
1,1107,50
1,1108,50
1,1109,50
1,1110,46
1,1111,34
1,1112,34
1,1113,34
1,1114,38
1,1115,38
1,1116,50
1,1117,50
1,1118,38
1,1119,38
1,1120,38
1,1121,38
1,1122,50
1,1123,44
1,1124,44
1,1125,44
1,1126,44
1,1127,46
1,1128,38
1,1129,34
1,1130,30
1,1131,30
1,1132,42
1,1133,30
1,1134,30
1,1135,30
1,1136,30
1,1137,30
1,1138,30
1,1139,30
1,1140,42
1,1141,54
1,1142,54
1,1143,48
1,1144,54
1,1145,52
1,1146,40
1,1147,34
1,1148,58
1,1149,58
1,1150,63
1,1151,51
1,1152,43
1,1153,35
1,1154,30
1,1155,30
1,1156,26
1,1157,45
1,1158,33
1,1159,33
1,1160,27
1,1161,28
1,1162,40
1,1163,41
1,1164,42
1,1165,42
1,1166,42
1,1167,42
1,1168,42
1,1169,42
1,1170,38
1,1171,42
1,1172,36
1,1173,42
1,1174,42
1,1175,35
1,1176,47
1,1177,42
1,1178,48
1,1179,28
1,1180,28
1,1181,28
1,1182,23
1,1183,23
1,1184,23
1,1185,23
1,1186,37
1,1187,49
1,1188,37
1,1189,41
1,1190,41
1,1191,41
1,1192,41
1,1193,41
1,1194,45
1,1195,31
1,1196,45
1,1197,35
1,1198,35
1,1199,27
1,1200,41
1,1201,27
1,1202,37
1,1203,41
1,1204,27
1,1205,27
1,1206,27
1,1207,27
1,1208,41
1,1209,35
1,1210,40
1,1211,35
1,1212,29
1,1213,35
1,1214,23
1,1215,23
1,1216,23
1,1217,23
1,1218,23
1,1219,23
1,1220,23
1,1221,32
1,1222,32
1,1223,32
1,1224,32
1,1225,32
1,1226,40
1,1227,32
1,1228,58
1,1229,32
1,1230,46
1,1231,34
1,1232,34
1,1233,34
1,1234,34
1,1235,46
1,1236,34
1,1237,34
1,1238,34
1,1239,34
1,1240,34
1,1241,34
1,1242,34
1,1243,34
1,1244,34
1,1245,40
1,1246,40
1,1247,39
1,1248,40
1,1249,50
1,1250,55
1,1251,43
1,1252,52
1,1253,44
1,1254,44
1,1255,44
1,1256,56
1,1257,46
1,1258,58
1,1259,50
1,1260,50
1,1261,50
1,1262,54
1,1263,52
1,1264,52
1,1265,54
1,1266,54
1,1267,56
1,1268,56
1,1269,56
1,1270,53
1,1271,40
1,1272,52
1,1273,59
1,1274,45
1,1275,48
1,1276,48
1,1277,24
1,1278,33
1,1279,29
1,1280,25
1,1281,25
1,1282,25
1,1283,25
1,1284,29
1,1285,41
1,1286,29
1,1287,33
1,1288,45
1,1289,24
1,1290,24
1,1291,24
1,1292,27
1,1293,15
1,1294,15
1,1295,15
1,1296,15
1,1297,15
1,1298,15
1,1299,15
1,1300,15
1,1301,15
1,1302,18
1,1303,20
1,1304,20
1,1305,20
1,1306,35
1,1307,35
1,1308,35
1,1309,35
1,1310,35
1,1311,35
1,1312,35
1,1313,35
1,1314,39
1,1315,39
1,1316,39
1,1317,39
1,1318,54
1,1319,54
1,1320,50
1,1321,49
1,1322,49
1,1323,49
1,1324,39
1,1325,39
1,1326,43
1,1327,65
1,1328,65
1,1329,65
1,1330,65
1,1331,63
1,1332,63
1,1333,63
1,1334,63
1,1335,67
1,1336,67
1,1337,66
1,1338,65
1,1339,63
1,1340,61
1,1341,61
1,1342,65
1,1343,65
1,1344,60
1,1345,60
1,1346,59
1,1347,57
1,1348,57
1,1349,57
1,1350,54
1,1351,54
1,1352,53
1,1353,61
1,1354,65
1,1355,53
1,1356,53
1,1357,53
1,1358,53
1,1359,53
1,1360,56
1,1361,45
1,1362,41
1,1363,33
1,1364,45
1,1365,33
1,1366,45
1,1367,40
1,1368,52
1,1369,54
1,1370,54
1,1371,54
1,1372,34
1,1373,34
1,1374,30
1,1375,30
1,1376,49
1,1377,21
1,1378,21
1,1379,33
1,1380,21
1,1381,22
1,1382,22
1,1383,30
1,1384,30
1,1385,30
1,1386,30
1,1387,30
1,1388,30
1,1389,24
1,1390,24
1,1391,22
1,1392,22
1,1393,24
1,1394,24
1,1395,52
1,1396,24
1,1397,24
1,1398,24
1,1399,24
1,1400,24
1,1401,22
1,1402,22
1,1403,36
1,1404,24
1,1405,30
1,1406,30
1,1407,28
1,1408,28
1,1409,26
1,1410,32
1,1411,32
1,1412,32
1,1413,46
1,1414,28
1,1415,30
1,1416,30
1,1417,28
1,1418,28
1,1419,26
1,1420,26
1,1421,28
1,1422,26
1,1423,26
1,1424,26
1,1425,42
1,1426,30
1,1427,30
1,1428,30
1,1429,30
1,1430,42
1,1431,42
1,1432,30
1,1433,30
1,1434,30
1,1435,30
1,1436,25
1,1437,25
1,1438,25
1,1439,25
1,1440,25
1,1441,30
1,1442,30
1,1443,30
1,1444,30
1,1445,25
1,1446,31
1,1447,37
1,1448,25
1,1449,25
1,1450,25
1,1451,23
1,1452,37
1,1453,20
1,1454,20
1,1455,29
1,1456,29
1,1457,29
1,1458,29
1,1459,37
1,1460,25
1,1461,25
1,1462,25
1,1463,25
1,1464,25
1,1465,20
1,1466,23
1,1467,35
1,1468,23
1,1469,23
1,1470,21
1,1471,21
1,1472,21
1,1473,21
1,1474,19
1,1475,33
1,1476,33
1,1477,36
1,1478,22
1,1479,22
1,1480,22
1,1481,48
1,1482,36
1,1483,36
1,1484,36
1,1485,48
1,1486,34
1,1487,34
1,1488,34
1,1489,34
1,1490,48
1,1491,48
1,1492,48
1,1493,34
1,1494,34
1,1495,34
1,1496,34
1,1497,48
1,1498,48
1,1499,48
1,1500,48
1,1501,48
1,1502,48
1,1503,34
1,1504,34
1,1505,34
1,1506,34
1,1507,34
1,1508,34
1,1509,34
1,1510,34
1,1511,34
1,1512,34
1,1513,34
1,1514,34
1,1515,34
1,1516,36
1,1517,50
1,1518,36
1,1519,36
1,1520,36
1,1521,36
1,1522,36
1,1523,36
1,1524,19
1,1525,19
1,1526,19
1,1527,19
1,1528,19
1,1529,19
1,1530,19
1,1531,19
1,1532,21
1,1533,21
1,1534,21
1,1535,21
1,1536,36
1,1537,36
1,1538,36
1,1539,26
1,1540,23
1,1541,23
1,1542,23
1,1543,23
1,1544,23
1,1545,23
1,1546,23
1,1547,27
1,1548,27
1,1549,27
1,1550,27
1,1551,27
1,1552,27
1,1553,44
1,1554,32
1,1555,32
1,1556,41
1,1557,27
1,1558,41
1,1559,27
1,1560,23
1,1561,37
1,1562,26
1,1563,26
1,1564,30
1,1565,46
1,1566,34
1,1567,34
1,1568,34
1,1569,34
1,1570,46
1,1571,40
1,1572,65
1,1573,52
1,1574,52
1,1575,39
1,1576,37
1,1577,25
1,1578,25
1,1579,25
1,1580,37
1,1581,37
1,1582,37
1,1583,37
1,1584,37
1,1585,37
1,1586,37
1,1587,37
1,1588,37
1,1589,25
1,1590,32
1,1591,32
1,1592,32
1,1593,38
1,1594,26
1,1595,33
1,1596,40
1,1597,47
1,1598,47
1,1599,35
1,1600,35
1,1601,35
1,1602,41
1,1603,29
1,1604,53
1,1605,29
1,1606,40
1,1607,40
1,1608,52
1,1609,32
1,1610,36
1,1611,32
1,1612,32
1,1613,46
1,1614,38
1,1615,42
1,1616,42
1,1617,42
1,1618,42
1,1619,38
1,1620,38
1,1621,38
1,1622,38
1,1623,38
1,1624,38
1,1625,44
1,1626,44
1,1627,44
1,1628,44
1,1629,44
1,1630,44
1,1631,44
1,1632,44
1,1633,44
1,1634,48
1,1635,48
1,1636,44
1,1637,44
1,1638,44
1,1639,44
1,1640,29
1,1641,25
1,1642,25
1,1643,25
1,1644,29
1,1645,33
1,1646,37
1,1647,37
1,1648,37
1,1649,33
1,1650,33
1,1651,33
1,1652,29
1,1653,29
1,1654,29
1,1655,29
1,1656,29
1,1657,35
1,1658,35
1,1659,29
1,1660,48
1,1661,48
1,1662,48
1,1663,48
1,1664,54
1,1665,48
1,1666,54
1,1667,60
1,1668,56
1,1669,48
1,1670,48
1,1671,52
1,1672,64
1,1673,64
1,1674,48
1,1675,58
1,1676,66
1,1677,54
1,1678,54
1,1679,54
1,1680,54
1,1681,54
1,1682,54
1,1683,54
1,1684,43
1,1685,43
1,1686,45
1,1687,33
1,1688,40
1,1689,40
1,1690,40
1,1691,50
1,1692,46
1,1693,46
1,1694,46
1,1695,34
1,1696,34
1,1697,34
1,1698,34
1,1699,58
1,1700,30
1,1701,30
1,1702,30
1,1703,30
1,1704,46
1,1705,34
1,1706,32
1,1707,32
1,1708,32
1,1709,32
1,1710,28
1,1711,28
1,1712,28
1,1713,40
1,1714,34
1,1715,34
1,1716,40
1,1717,28
1,1718,28
1,1719,28
1,1720,28
1,1721,28
1,1722,28
1,1723,28
1,1724,28
1,1725,28
1,1726,28
1,1727,28
1,1728,28
1,1729,28
1,1730,28
1,1731,26
1,1732,30
1,1733,30
1,1734,30
1,1735,42
1,1736,30
1,1737,30
1,1738,30
1,1739,30
1,1740,30
1,1741,42
1,1742,30
1,1743,30
1,1744,36
1,1745,23
1,1746,25
1,1747,25
1,1748,25
1,1749,25
1,1750,25
1,1751,35
1,1752,35
1,1753,35
1,1754,35
1,1755,35
1,1756,35
1,1757,35
1,1758,35
1,1759,35
1,1760,35
1,1761,44
1,1762,44
1,1763,44
1,1764,34
1,1765,34
1,1766,34
1,1767,34
1,1768,34
1,1769,34
1,1770,46
1,1771,34
1,1772,50
1,1773,38
1,1774,38
1,1775,42
1,1776,42
1,1777,42
1,1778,42
1,1779,42
1,1780,42
1,1781,42
1,1782,42
1,1783,38
1,1784,38
1,1785,38
1,1786,41
1,1787,42
1,1788,42
1,1789,42
1,1790,50
1,1791,40
1,1792,38
1,1793,45
1,1794,33
1,1795,41
1,1796,29
1,1797,29
1,1798,41
1,1799,29
1,1800,29
1,1801,29
1,1802,29
1,1803,33
1,1804,33
1,1805,33
1,1806,33
1,1807,33
1,1808,29
1,1809,29
1,1810,37
1,1811,49
1,1812,33
1,1813,33
1,1814,40
1,1815,40
1,1816,40
1,1817,40
1,1818,40
1,1819,48
1,1820,33
1,1821,33
1,1822,33
1,1823,37
1,1824,49
1,1825,44
1,1826,44
1,1827,38
1,1828,38
1,1829,38
1,1830,38
1,1831,50
1,1832,34
1,1833,34
1,1834,34
1,1835,41
1,1836,41
1,1837,41
1,1838,41
1,1839,41
1,1840,41
1,1841,41
1,1842,41
1,1843,41
1,1844,41
1,1845,41
1,1846,41
1,1847,41
1,1848,41
1,1849,53
1,1850,41
1,1851,41
1,1852,41
1,1853,41
1,1854,41
1,1855,41
1,1856,51
1,1857,63
1,1858,57
1,1859,57
1,1860,56
1,1861,56
1,1862,47
1,1863,46
1,1864,46
1,1865,60
1,1866,46
1,1867,27
1,1868,27
1,1869,36
1,1870,36
1,1871,36
1,1872,36
1,1873,36
1,1874,27
1,1875,27
1,1876,27
1,1877,36
1,1878,27
1,1879,11
1,1880,21
1,1881,39
1,1882,48
1,1883,48
1,1884,48
1,1885,48
1,1886,28
1,1887,38
1,1888,42
1,1889,42
1,1890,51
1,1891,51
1,1892,55
1,1893,55
1,1894,36
1,1895,41
1,1896,41
1,1897,36
1,1898,36
1,1899,27
1,1900,27
1,1901,27
1,1902,27
1,1903,27
1,1904,27
1,1905,27
1,1906,36
1,1907,32
1,1908,28
1,1909,40
1,1910,28
1,1911,40
1,1912,38
1,1913,38
1,1914,47
1,1915,48
1,1916,48
1,1917,48
1,1918,48
1,1919,38
1,1920,38
1,1921,38
1,1922,38
1,1923,41
1,1924,33
1,1925,33
1,1926,33
1,1927,33
1,1928,33
1,1929,33
1,1930,33
1,1931,33
1,1932,45
1,1933,33
1,1934,37
1,1935,35
1,1936,52
1,1937,35
1,1938,35
1,1939,35
1,1940,35
1,1941,40
1,1942,40
1,1943,40
1,1944,55
1,1945,50
1,1946,50
1,1947,50
1,1948,50
1,1949,50
1,1950,50
1,1951,50
1,1952,50
1,1953,50
1,1954,49
1,1955,49
1,1956,48
1,1957,58
1,1958,70
1,1959,56
1,1960,46
1,1961,46
1,1962,58
1,1963,58
1,1964,58
1,1965,58
1,1966,58
1,1967,46
1,1968,46
1,1969,46
1,1970,46
1,1971,46
1,1972,46
1,1973,56
1,1974,56
1,1975,56
1,1976,56
1,1977,58
1,1978,48
1,1979,48
1,1980,56
1,1981,56
1,1982,55
1,1983,55
1,1984,55
1,1985,55
1,1986,55
1,1987,55
1,1988,55
1,1989,55
1,1990,55
1,1991,55
1,1992,45
1,1993,45
1,1994,45
1,1995,55
1,1996,55
1,1997,55
1,1998,55
1,1999,43
1,2000,43
1,2001,43
1,2002,43
1,2003,33
1,2004,33
1,2005,33
1,2006,33
1,2007,35
1,2008,35
1,2009,45
1,2010,43
1,2011,43
1,2012,43
1,2013,43
1,2014,43
1,2015,43
1,2016,43
1,2017,43
1,2018,43
1,2019,43
1,2020,43
1,2021,35
1,2022,35
1,2023,35
1,2024,33
1,2025,43
1,2026,53
1,2027,53
1,2028,53
1,2029,53
1,2030,55
1,2031,33
1,2032,33
1,2033,43
1,2034,57
1,2035,43
1,2036,43
1,2037,43
1,2038,43
1,2039,43
1,2040,45
1,2041,45
1,2042,45
1,2043,45
1,2044,38
1,2045,38
1,2046,38
1,2047,38
1,2048,38
1,2049,38
1,2050,38
1,2051,38
0,0,10
0,1,10
0,2,10
0,3,10
0,4,23
0,5,23
0,6,36
0,7,36
0,8,36
0,9,36
0,10,36
0,11,36
0,12,49
0,13,49
0,14,56
0,15,56
0,16,46
0,17,46
0,18,46
0,19,46
0,20,46
0,21,46
0,22,46
0,23,46
0,24,46
0,25,46
0,26,46
0,27,46
0,28,46
0,29,36
0,30,36
0,31,36
0,32,36
0,33,36
0,34,36
0,35,38
0,36,26
0,37,26
0,38,26
0,39,26
0,40,26
0,41,26
0,42,26
0,43,36
0,44,36
0,45,36
0,46,36
0,47,36
0,48,36
0,49,36
0,50,36
0,51,36
0,52,36
0,53,36
0,54,36
0,55,36
0,56,36
0,57,36
0,58,36
0,59,36
0,60,36
0,61,36
0,62,46
0,63,46
0,64,46
0,65,46
0,66,46
0,67,46
0,68,46
0,69,46
0,70,36
0,71,36
0,72,36
0,73,36
0,74,44
0,75,44
0,76,44
0,77,44
0,78,44
0,79,44
0,80,44
0,81,44
0,82,56
0,83,51
0,84,51
0,85,51
0,86,51
0,87,51
0,88,51
0,89,51
0,90,51
0,91,51
0,92,51
0,93,51
0,94,59
0,95,45
0,96,52
0,97,40
0,98,40
0,99,40
0,100,40
0,101,44
0,102,44
0,103,47
0,104,47
0,105,48
0,106,48
0,107,48
0,108,48
0,109,48
0,110,40
0,111,53
0,112,43
0,113,43
0,114,43
0,115,48
0,116,48
0,117,48
0,118,40
0,119,44
0,120,48
0,121,48
0,122,48
0,123,57
0,124,63
0,125,63
0,126,63
0,127,57
0,128,48
0,129,44
0,130,44
0,131,44
0,132,44
0,133,44
0,134,44
0,135,44
0,136,44
0,137,44
0,138,44
0,139,44
0,140,44
0,141,44
0,142,44
0,143,56
0,144,51
0,145,51
0,146,59
0,147,59
0,148,48
0,149,48
0,150,48
0,151,38
0,152,38
0,153,40
0,154,40
0,155,40
0,156,39
0,157,39
0,158,39
0,159,51
0,160,48
0,161,48
0,162,48
0,163,48
0,164,48
0,165,48
0,166,42
0,167,42
0,168,42
0,169,42
0,170,42
0,171,42
0,172,42
0,173,38
0,174,38
0,175,38
0,176,38
0,177,38
0,178,38
0,179,38
0,180,38
0,181,38
0,182,48
0,183,57
0,184,63
0,185,63
0,186,63
0,187,63
0,188,63
0,189,53
0,190,53
0,191,53
0,192,53
0,193,58
0,194,52
0,195,46
0,196,46
0,197,46
0,198,46
0,199,40
0,200,40
0,201,40
0,202,40
0,203,40
0,204,40
0,205,40
0,206,40
0,207,40
0,208,40
0,209,44
0,210,48
0,211,48
0,212,48
0,213,48
0,214,48
0,215,48
0,216,48
0,217,44
0,218,44
0,219,44
0,220,44
0,221,44
0,222,44
0,223,44
0,224,44
0,225,44
0,226,44
0,227,44
0,228,44
0,229,44
0,230,45
0,231,45
0,232,45
0,233,45
0,234,45
0,235,45
0,236,45
0,237,45
0,238,45
0,239,45
0,240,45
0,241,46
0,242,46
0,243,46
0,244,46
0,245,45
0,246,55
0,247,55
0,248,55
0,249,55
0,250,55
0,251,55
0,252,55
0,253,37
0,254,37
0,255,36
0,256,37
0,257,37
0,258,37
0,259,37
0,260,37
0,261,37
0,262,37
0,263,37
0,264,37
0,265,37
0,266,37
0,267,37
0,268,37
0,269,37
0,270,37
0,271,37
0,272,37
0,273,37
0,274,37
0,275,37
0,276,37
0,277,37
0,278,37
0,279,37
0,280,36
0,281,46
0,282,59
0,283,59
0,284,59
0,285,49
0,286,49
0,287,49
0,288,49
0,289,39
0,290,39
0,291,49
0,292,49
0,293,39
0,294,39
0,295,39
0,296,39
0,297,42
0,298,47
0,299,47
0,300,47
0,301,39
0,302,39
0,303,39
0,304,39
0,305,39
0,306,39
0,307,49
0,308,49
0,309,49
0,310,49
0,311,49
0,312,49
0,313,49
0,314,39
0,315,39
0,316,35
0,317,39
0,318,39
0,319,39
0,320,39
0,321,39
0,322,39
0,323,39
0,324,39
0,325,39
0,326,39
0,327,39
0,328,39
0,329,49
0,330,49
0,331,49
0,332,49
0,333,49
0,334,49
0,335,49
0,336,49
0,337,49
0,338,49
0,339,49
0,340,53
0,341,49
0,342,53
0,343,53
0,344,53
0,345,53
0,346,53
0,347,49
0,348,49
0,349,49
0,350,49
0,351,39
0,352,39
0,353,39
0,354,39
0,355,49
0,356,39
0,357,37
0,358,47
0,359,47
0,360,47
0,361,47
0,362,47
0,363,47
0,364,47
0,365,37
0,366,49
0,367,37
0,368,37
0,369,37
0,370,37
0,371,37
0,372,39
0,373,51
0,374,49
0,375,49
0,376,49
0,377,49
0,378,49
0,379,49
0,380,49
0,381,49
0,382,49
0,383,49
0,384,49
0,385,61
0,386,47
0,387,37
0,388,37
0,389,37
0,390,37
0,391,37
0,392,38
0,393,37
0,394,37
0,395,37
0,396,37
0,397,37
0,398,37
0,399,37
0,400,37
0,401,47
0,402,47
0,403,47
0,404,47
0,405,43
0,406,47
0,407,47
0,408,47
0,409,47
0,410,47
0,411,34
0,412,34
0,413,34
0,414,34
0,415,34
0,416,34
0,417,34
0,418,34
0,419,34
0,420,34
0,421,34
0,422,34
0,423,34
0,424,33
0,425,33
0,426,33
0,427,33
0,428,33
0,429,33
0,430,33
0,431,33
0,432,33
0,433,33
0,434,46
0,435,46
0,436,46
0,437,46
0,438,46
0,439,56
0,440,57
0,441,44
0,442,34
0,443,44
0,444,44
0,445,46
0,446,32
0,447,32
0,448,32
0,449,36
0,450,36
0,451,48
0,452,36
0,453,36
0,454,36
0,455,48
0,456,43
0,457,43
0,458,43
0,459,43
0,460,43
0,461,43
0,462,43
0,463,48
0,464,58
0,465,36
0,466,36
0,467,36
0,468,36
0,469,36
0,470,46
0,471,46
0,472,53
0,473,51
0,474,43
0,475,43
0,476,43
0,477,43
0,478,43
0,479,39
0,480,39
0,481,39
0,482,39
0,483,39
0,484,39
0,485,39
0,486,39
0,487,39
0,488,39
0,489,39
0,490,39
0,491,39
0,492,39
0,493,39
0,494,35
0,495,35
0,496,39
0,497,35
0,498,39
0,499,39
0,500,51
0,501,39
0,502,39
0,503,39
0,504,39
0,505,39
0,506,39
0,507,39
0,508,47
0,509,39
0,510,39
0,511,39
0,512,39
0,513,39
0,514,39
0,515,39
0,516,39
0,517,39
0,518,39
0,519,39
0,520,39
0,521,39
0,522,49
0,523,49
0,524,45
0,525,49
0,526,39
0,527,39
0,528,39
0,529,39
0,530,39
0,531,39
0,532,39
0,533,39
0,534,39
0,535,39
0,536,39
0,537,39
0,538,39
0,539,39
0,540,39
0,541,39
0,542,39
0,543,39
0,544,39
0,545,39
0,546,39
0,547,39
0,548,39
0,549,39
0,550,39
0,551,39
0,552,39
0,553,39
0,554,49
0,555,49
0,556,32
0,557,32
0,558,32
0,559,32
0,560,32
0,561,36
0,562,32
0,563,32
0,564,51
0,565,43
0,566,39
0,567,39
0,568,51
0,569,55
0,570,60
0,571,56
0,572,44
0,573,22
0,574,22
0,575,22
0,576,32
0,577,32
0,578,48
0,579,48
0,580,36
0,581,36
0,582,36
0,583,36
0,584,36
0,585,36
0,586,36
0,587,49
0,588,49
0,589,39
0,590,51
0,591,51
0,592,39
0,593,39
0,594,39
0,595,39
0,596,39
0,597,36
0,598,40
0,599,50
0,600,63
0,601,53
0,602,53
0,603,61
0,604,49
0,605,49
0,606,50
0,607,50
0,608,50
0,609,50
0,610,50
0,611,50
0,612,50
0,613,50
0,614,50
0,615,50
0,616,50
0,617,50
0,618,50
0,619,50
0,620,51
0,621,51
0,622,51
0,623,50
0,624,50
0,625,50
0,626,50
0,627,50
0,628,50
0,629,51
0,630,57
0,631,57
0,632,62
0,633,57
0,634,53
0,635,57
0,636,57
0,637,57
0,638,57
0,639,58
0,640,57
0,641,57
0,642,58
0,643,58
0,644,61
0,645,62
0,646,62
0,647,62
0,648,62
0,649,62
0,650,62
0,651,61
0,652,62
0,653,62
0,654,61
0,655,59
0,656,59
0,657,59
0,658,49
0,659,50
0,660,49
0,661,49
0,662,49
0,663,49
0,664,49
0,665,59
0,666,59
0,667,60
0,668,61
0,669,59
0,670,60
0,671,60
0,672,59
0,673,57
0,674,57
0,675,57
0,676,39
0,677,48
0,678,48
0,679,48
0,680,48
0,681,48
0,682,48
0,683,48
0,684,48
0,685,48
0,686,58
0,687,58
0,688,66
0,689,66
0,690,60
0,691,60
0,692,61
0,693,61
0,694,61
0,695,61
0,696,45
0,697,45
0,698,45
0,699,44
0,700,34
0,701,34
0,702,30
0,703,30
0,704,30
0,705,30
0,706,30
0,707,30
0,708,30
0,709,30
0,710,30
0,711,43
0,712,53
0,713,53
0,714,53
0,715,53
0,716,54
0,717,54
0,718,54
0,719,54
0,720,58
0,721,58
0,722,58
0,723,58
0,724,58
0,725,58
0,726,58
0,727,57
0,728,57
0,729,57
0,730,57
0,731,57
0,732,58
0,733,58
0,734,58
0,735,55
0,736,55
0,737,55
0,738,57
0,739,59
0,740,47
0,741,47
0,742,47
0,743,43
0,744,48
0,745,49
0,746,48
0,747,48
0,748,49
0,749,48
0,750,47
0,751,44
0,752,48
0,753,49
0,754,61
0,755,73
0,756,73
0,757,73
0,758,74
0,759,62
0,760,62
0,761,61
0,762,61
0,763,61
0,764,63
0,765,51
0,766,51
0,767,49
0,768,51
0,769,49
0,770,49
0,771,51
0,772,51
0,773,51
0,774,51
0,775,51
0,776,51
0,777,51
0,778,51
0,779,51
0,780,51
0,781,51
0,782,51
0,783,51
0,784,51
0,785,51
0,786,51
0,787,51
0,788,51
0,789,51
0,790,45
0,791,45
0,792,45
0,793,45
0,794,45
0,795,29
0,796,29
0,797,29
0,798,29
0,799,15
0,800,13
0,801,13
0,802,13
0,803,13
0,804,26
0,805,28
0,806,18
0,807,18
0,808,18
0,809,18
0,810,18
0,811,18
0,812,18
0,813,25
0,814,25
0,815,25
0,816,25
0,817,25
0,818,25
0,819,31
0,820,31
0,821,36
0,822,24
0,823,24
0,824,24
0,825,24
0,826,24
0,827,24
0,828,24
0,829,24
0,830,24
0,831,24
0,832,24
0,833,28
0,834,28
0,835,27
0,836,27
0,837,27
0,838,27
0,839,27
0,840,27
0,841,27
0,842,23
0,843,23
0,844,23
0,845,27
0,846,28
0,847,28
0,848,36
0,849,24
0,850,24
0,851,47
0,852,47
0,853,37
0,854,37
0,855,37
0,856,37
0,857,37
0,858,37
0,859,37
0,860,37
0,861,33
0,862,38
0,863,39
0,864,35
0,865,35
0,866,49
0,867,49
0,868,49
0,869,47
0,870,47
0,871,43
0,872,47
0,873,48
0,874,47
0,875,47
0,876,47
0,877,47
0,878,43
0,879,43
0,880,43
0,881,47
0,882,47
0,883,47
0,884,47
0,885,47
0,886,47
0,887,47
0,888,47
0,889,47
0,890,47
0,891,47
0,892,47
0,893,57
0,894,40
0,895,47
0,896,45
0,897,45
0,898,45
0,899,49
0,900,49
0,901,49
0,902,53
0,903,43
0,904,43
0,905,43
0,906,43
0,907,43
0,908,47
0,909,47
0,910,49
0,911,47
0,912,47
0,913,47
0,914,48
0,915,48
0,916,48
0,917,48
0,918,48
0,919,48
0,920,48
0,921,47
0,922,47
0,923,48
0,924,48
0,925,68
0,926,52
0,927,52
0,928,52
0,929,52
0,930,52
0,931,52
0,932,52
0,933,45
0,934,45
0,935,45
0,936,53
0,937,53
0,938,45
0,939,45
0,940,45
0,941,45
0,942,45
0,943,41
0,944,49
0,945,49
0,946,45
0,947,45
0,948,45
0,949,45
0,950,41
0,951,41
0,952,41
0,953,41
0,954,41
0,955,41
0,956,41
0,957,41
0,958,41
0,959,53
0,960,45
0,961,41
0,962,41
0,963,34
0,964,34
0,965,34
0,966,34
0,967,34
0,968,30
0,969,23
0,970,23
0,971,23
0,972,23
0,973,23
0,974,20
0,975,20
0,976,20
0,977,20
0,978,20
0,979,20
0,980,20
0,981,35
0,982,23
0,983,23
0,984,27
0,985,35
0,986,28
0,987,23
0,988,23
0,989,23
0,990,23
0,991,24
0,992,24
0,993,24
0,994,24
0,995,24
0,996,24
0,997,26
0,998,26
0,999,22
0,1000,22
0,1001,22
0,1002,34
0,1003,18
0,1004,19
0,1005,19
0,1006,19
0,1007,19
0,1008,20
0,1009,20
0,1010,20
0,1011,20
0,1012,20
0,1013,20
0,1014,20
0,1015,21
0,1016,21
0,1017,21
0,1018,27
0,1019,27
0,1020,27
0,1021,27
0,1022,27
0,1023,27
0,1024,27
0,1025,27
0,1026,27
0,1027,30
0,1028,30
0,1029,30
0,1030,30
0,1031,44
0,1032,32
0,1033,32
0,1034,30
0,1035,44
0,1036,32
0,1037,34
0,1038,46
0,1039,34
0,1040,34
0,1041,34
0,1042,34
0,1043,34
0,1044,34
0,1045,56
0,1046,42
0,1047,42
0,1048,42
0,1049,54
0,1050,42
0,1051,42
0,1052,42
0,1053,42
0,1054,42
0,1055,42
0,1056,42
0,1057,42
0,1058,42
0,1059,38
0,1060,38
0,1061,38
0,1062,38
0,1063,38
0,1064,38
0,1065,38
0,1066,38
0,1067,38
0,1068,37
0,1069,33
0,1070,33
0,1071,33
0,1072,33
0,1073,33
0,1074,33
0,1075,47
0,1076,35
0,1077,35
0,1078,35
0,1079,35
0,1080,35
0,1081,35
0,1082,35
0,1083,35
0,1084,43
0,1085,39
0,1086,43
0,1087,43
0,1088,43
0,1089,43
0,1090,43
0,1091,43
0,1092,43
0,1093,43
0,1094,33
0,1095,33
0,1096,33
0,1097,33
0,1098,33
0,1099,33
0,1100,33
0,1101,33
0,1102,37
0,1103,37
0,1104,37
0,1105,37
0,1106,37
0,1107,33
0,1108,33
0,1109,33
0,1110,33
0,1111,37
0,1112,49
0,1113,41
0,1114,41
0,1115,41
0,1116,41
0,1117,37
0,1118,41
0,1119,41
0,1120,41
0,1121,39
0,1122,35
0,1123,31
0,1124,31
0,1125,27
0,1126,30
0,1127,30
0,1128,30
0,1129,31
0,1130,38
0,1131,57
0,1132,52
0,1133,58
0,1134,42
0,1135,42
0,1136,48
0,1137,42
0,1138,42
0,1139,48
0,1140,41
0,1141,34
0,1142,34
0,1143,34
0,1144,46
0,1145,34
0,1146,34
0,1147,34
0,1148,46
0,1149,46
0,1150,38
0,1151,38
0,1152,44
0,1153,44
0,1154,48
0,1155,40
0,1156,40
0,1157,40
0,1158,40
0,1159,40
0,1160,40
0,1161,40
0,1162,40
0,1163,40
0,1164,48
0,1165,36
0,1166,36
0,1167,36
0,1168,36
0,1169,36
0,1170,26
0,1171,22
0,1172,22
0,1173,22
0,1174,22
0,1175,22
0,1176,22
0,1177,22
0,1178,28
0,1179,28
0,1180,28
0,1181,29
0,1182,29
0,1183,29
0,1184,29
0,1185,36
0,1186,36
0,1187,36
0,1188,36
0,1189,36
0,1190,36
0,1191,36
0,1192,35
0,1193,31
0,1194,24
0,1195,24
0,1196,24
0,1197,24
0,1198,26
0,1199,26
0,1200,33
0,1201,33
0,1202,33
0,1203,33
0,1204,33
0,1205,41
0,1206,33
0,1207,33
0,1208,33
0,1209,33
0,1210,33
0,1211,33
0,1212,33
0,1213,33
0,1214,33
0,1215,33
0,1216,37
0,1217,37
0,1218,41
0,1219,37
0,1220,37
0,1221,37
0,1222,33
0,1223,33
0,1224,29
0,1225,29
0,1226,29
0,1227,25
0,1228,25
0,1229,25
0,1230,25
0,1231,25
0,1232,35
0,1233,35
0,1234,43
0,1235,43
0,1236,47
0,1237,47
0,1238,47
0,1239,47
0,1240,47
0,1241,43
0,1242,43
0,1243,43
0,1244,47
0,1245,47
0,1246,55
0,1247,47
0,1248,47
0,1249,37
0,1250,54
0,1251,53
0,1252,56
0,1253,56
0,1254,54
0,1255,47
0,1256,50
0,1257,47
0,1258,46
0,1259,50
0,1260,48
0,1261,45
0,1262,41
0,1263,41
0,1264,41
0,1265,41
0,1266,34
0,1267,34
0,1268,34
0,1269,34
0,1270,34
0,1271,51
0,1272,39
0,1273,31
0,1274,31
0,1275,31
0,1276,31
0,1277,31
0,1278,31
0,1279,31
0,1280,39
0,1281,27
0,1282,39
0,1283,23
0,1284,23
0,1285,23
0,1286,23
0,1287,23
0,1288,23
0,1289,23
0,1290,30
0,1291,31
0,1292,31
0,1293,31
0,1294,31
0,1295,31
0,1296,31
0,1297,31
0,1298,31
0,1299,31
0,1300,31
0,1301,35
0,1302,35
0,1303,35
0,1304,35
0,1305,31
0,1306,31
0,1307,31
0,1308,39
0,1309,31
0,1310,42
0,1311,34
0,1312,34
0,1313,34
0,1314,38
0,1315,30
0,1316,30
0,1317,30
0,1318,30
0,1319,30
0,1320,30
0,1321,30
0,1322,30
0,1323,30
0,1324,30
0,1325,30
0,1326,30
0,1327,26
0,1328,22
0,1329,23
0,1330,23
0,1331,23
0,1332,23
0,1333,23
0,1334,27
0,1335,27
0,1336,27
0,1337,27
0,1338,27
0,1339,39
0,1340,35
0,1341,32
0,1342,32
0,1343,32
0,1344,30
0,1345,30
0,1346,22
0,1347,22
0,1348,22
0,1349,34
0,1350,30
0,1351,30
0,1352,30
0,1353,30
0,1354,30
0,1355,30
0,1356,26
0,1357,26
0,1358,26
0,1359,18
0,1360,18
0,1361,18
0,1362,18
0,1363,20
0,1364,20
0,1365,20
0,1366,20
0,1367,20
0,1368,20
0,1369,20
0,1370,18
0,1371,16
0,1372,15
0,1373,15
0,1374,15
0,1375,15
0,1376,17
0,1377,19
0,1378,21
0,1379,25
0,1380,25
0,1381,25
0,1382,25
0,1383,25
0,1384,25
0,1385,32
0,1386,46
0,1387,71
0,1388,60
0,1389,42
0,1390,48
0,1391,30
0,1392,42
0,1393,42
0,1394,30
0,1395,42
0,1396,42
0,1397,42
0,1398,42
0,1399,30
0,1400,30
0,1401,30
0,1402,30
0,1403,36
0,1404,36
0,1405,36
0,1406,28
0,1407,30
0,1408,42
0,1409,48
0,1410,60
0,1411,58
0,1412,58
0,1413,70
0,1414,66
0,1415,48
0,1416,48
0,1417,36
0,1418,42
0,1419,30
0,1420,42
0,1421,40
0,1422,28
0,1423,40
0,1424,40
0,1425,28
0,1426,28
0,1427,40
0,1428,28
0,1429,42
0,1430,42
0,1431,48
0,1432,41
0,1433,54
0,1434,48
0,1435,54
0,1436,54
0,1437,64
0,1438,45
0,1439,33
0,1440,33
0,1441,33
0,1442,33
0,1443,45
0,1444,33
0,1445,49
0,1446,43
0,1447,43
0,1448,35
0,1449,37
0,1450,21
0,1451,22
0,1452,23
0,1453,23
0,1454,25
0,1455,25
0,1456,26
0,1457,34
0,1458,35
0,1459,35
0,1460,27
0,1461,27
0,1462,18
0,1463,18
0,1464,18
0,1465,18
0,1466,18
0,1467,18
0,1468,18
0,1469,18
0,1470,29
0,1471,21
0,1472,21
0,1473,35
0,1474,35
0,1475,35
0,1476,21
0,1477,19
0,1478,19
0,1479,21
0,1480,21
0,1481,21
0,1482,21
0,1483,20
0,1484,20
0,1485,20
0,1486,20
0,1487,34
0,1488,22
0,1489,22
0,1490,22
0,1491,22
0,1492,22
0,1493,20
0,1494,20
0,1495,20
0,1496,20
0,1497,20
0,1498,34
0,1499,20
0,1500,20
0,1501,20
0,1502,20
0,1503,34
0,1504,20
0,1505,20
0,1506,20
0,1507,20
0,1508,20
0,1509,20
0,1510,20
0,1511,20
0,1512,34
0,1513,22
0,1514,36
0,1515,26
0,1516,26
0,1517,35
0,1518,35
0,1519,35
0,1520,35
0,1521,35
0,1522,47
0,1523,41
0,1524,39
0,1525,39
0,1526,39
0,1527,44
0,1528,31
0,1529,31
0,1530,30
0,1531,30
0,1532,30
0,1533,30
0,1534,34
0,1535,36
0,1536,36
0,1537,36
0,1538,37
0,1539,41
0,1540,41
0,1541,41
0,1542,47
0,1543,40
0,1544,40
0,1545,40
0,1546,44
0,1547,49
0,1548,37
0,1549,37
0,1550,37
0,1551,37
0,1552,50
0,1553,48
0,1554,26
0,1555,26
0,1556,26
0,1557,22
0,1558,22
0,1559,22
0,1560,22
0,1561,22
0,1562,22
0,1563,22
0,1564,22
0,1565,34
0,1566,32
0,1567,32
0,1568,32
0,1569,32
0,1570,32
0,1571,32
0,1572,32
0,1573,32
0,1574,32
0,1575,32
0,1576,32
0,1577,32
0,1578,51
0,1579,39
0,1580,43
0,1581,43
0,1582,43
0,1583,43
0,1584,43
0,1585,43
0,1586,33
0,1587,33
0,1588,37
0,1589,37
0,1590,37
0,1591,37
0,1592,37
0,1593,37
0,1594,33
0,1595,33
0,1596,33
0,1597,33
0,1598,29
0,1599,29
0,1600,29
0,1601,29
0,1602,29
0,1603,29
0,1604,29
0,1605,29
0,1606,29
0,1607,25
0,1608,25
0,1609,29
0,1610,29
0,1611,29
0,1612,29
0,1613,29
0,1614,29
0,1615,29
0,1616,33
0,1617,33
0,1618,33
0,1619,33
0,1620,37
0,1621,47
0,1622,37
0,1623,37
0,1624,37
0,1625,37
0,1626,37
0,1627,37
0,1628,33
0,1629,33
0,1630,31
0,1631,31
0,1632,31
0,1633,31
0,1634,31
0,1635,31
0,1636,31
0,1637,27
0,1638,27
0,1639,31
0,1640,31
0,1641,31
0,1642,43
0,1643,35
0,1644,35
0,1645,35
0,1646,35
0,1647,35
0,1648,35
0,1649,35
0,1650,31
0,1651,31
0,1652,31
0,1653,41
0,1654,41
0,1655,41
0,1656,42
0,1657,42
0,1658,42
0,1659,44
0,1660,40
0,1661,40
0,1662,40
0,1663,44
0,1664,48
0,1665,48
0,1666,46
0,1667,46
0,1668,46
0,1669,46
0,1670,46
0,1671,46
0,1672,46
0,1673,46
0,1674,46
0,1675,46
0,1676,42
0,1677,43
0,1678,43
0,1679,39
0,1680,39
0,1681,39
0,1682,39
0,1683,39
0,1684,39
0,1685,39
0,1686,39
0,1687,39
0,1688,39
0,1689,39
0,1690,35
0,1691,35
0,1692,35
0,1693,38
0,1694,40
0,1695,40
0,1696,40
0,1697,36
0,1698,40
0,1699,40
0,1700,50
0,1701,50
0,1702,47
0,1703,47
0,1704,47
0,1705,39
0,1706,49
0,1707,49
0,1708,49
0,1709,39
0,1710,39
0,1711,39
0,1712,39
0,1713,39
0,1714,39
0,1715,29
0,1716,29
0,1717,37
0,1718,29
0,1719,29
0,1720,33
0,1721,33
0,1722,43
0,1723,43
0,1724,43
0,1725,43
0,1726,43
0,1727,39
0,1728,39
0,1729,51
0,1730,43
0,1731,33
0,1732,33
0,1733,33
0,1734,29
0,1735,29
0,1736,33
0,1737,33
0,1738,33
0,1739,33
0,1740,33
0,1741,33
0,1742,43
0,1743,30
0,1744,26
0,1745,26
0,1746,26
0,1747,34
0,1748,26
0,1749,26
0,1750,38
0,1751,30
0,1752,30
0,1753,30
0,1754,30
0,1755,30
0,1756,30
0,1757,30
0,1758,30
0,1759,30
0,1760,31
0,1761,31
0,1762,31
0,1763,31
0,1764,35
0,1765,23
0,1766,23
0,1767,23
0,1768,35
0,1769,35
0,1770,30
0,1771,30
0,1772,54
0,1773,37
0,1774,37
0,1775,42
0,1776,36
0,1777,36
0,1778,47
0,1779,35
0,1780,35
0,1781,35
0,1782,35
0,1783,29
0,1784,29
0,1785,29
0,1786,29
0,1787,23
0,1788,23
0,1789,23
0,1790,23
0,1791,23
0,1792,23
0,1793,23
0,1794,35
0,1795,49
0,1796,31
0,1797,31
0,1798,31
0,1799,25
0,1800,25
0,1801,25
0,1802,25
0,1803,25
0,1804,25
0,1805,25
0,1806,37
0,1807,43
0,1808,43
0,1809,37
0,1810,37
0,1811,55
0,1812,43
0,1813,43
0,1814,43
0,1815,43
0,1816,43
0,1817,49
0,1818,49
0,1819,37
0,1820,31
0,1821,25
0,1822,25
0,1823,25
0,1824,25
0,1825,37
0,1826,29
0,1827,41
0,1828,29
0,1829,29
0,1830,33
0,1831,33
0,1832,37
0,1833,49
0,1834,45
0,1835,45
0,1836,41
0,1837,41
0,1838,45
0,1839,45
0,1840,45
0,1841,45
0,1842,47
0,1843,51
0,1844,49
0,1845,48
0,1846,49
0,1847,51
0,1848,56
0,1849,49
0,1850,50
0,1851,50
0,1852,50
0,1853,50
0,1854,50
0,1855,50
0,1856,50
0,1857,50
0,1858,50
0,1859,58
0,1860,46
0,1861,50
0,1862,50
0,1863,50
0,1864,50
0,1865,50
0,1866,50
0,1867,50
0,1868,50
0,1869,50
0,1870,50
0,1871,50
0,1872,50
0,1873,50
0,1874,50
0,1875,50
0,1876,50
0,1877,50
0,1878,50
0,1879,50
0,1880,50
0,1881,50
0,1882,50
0,1883,50
0,1884,50
0,1885,50
0,1886,50
0,1887,50
0,1888,50
0,1889,50
0,1890,50
0,1891,50
0,1892,50
0,1893,50
0,1894,50
0,1895,50
0,1896,50
0,1897,50
0,1898,50
0,1899,50
0,1900,48
0,1901,47
0,1902,47
0,1903,42
0,1904,34
0,1905,47
0,1906,47
0,1907,47
0,1908,55
0,1909,39
0,1910,35
0,1911,35
0,1912,35
0,1913,35
0,1914,35
0,1915,35
0,1916,35
0,1917,35
0,1918,43
0,1919,43
0,1920,53
0,1921,53
0,1922,53
0,1923,53
0,1924,53
0,1925,53
0,1926,53
0,1927,43
0,1928,43
0,1929,43
0,1930,43
0,1931,43
0,1932,43
0,1933,43
0,1934,43
0,1935,43
0,1936,43
0,1937,43
0,1938,43
0,1939,43
0,1940,43
0,1941,43
0,1942,43
0,1943,43
0,1944,43
0,1945,33
0,1946,33
0,1947,33
0,1948,33
0,1949,37
0,1950,37
0,1951,42
0,1952,42
0,1953,42
0,1954,41
0,1955,41
0,1956,41
0,1957,31
0,1958,31
0,1959,31
0,1960,35
0,1961,37
0,1962,37
0,1963,37
0,1964,37
0,1965,30
0,1966,30
0,1967,30
0,1968,30
0,1969,30
0,1970,30
0,1971,30
0,1972,30
0,1973,40
0,1974,40
0,1975,27
0,1976,19
0,1977,23
0,1978,35
0,1979,39
0,1980,34
0,1981,34
0,1982,26
0,1983,26
0,1984,23
0,1985,19
0,1986,19
0,1987,19
0,1988,19
0,1989,21
0,1990,21
0,1991,21
0,1992,31
0,1993,26
0,1994,26
0,1995,26
0,1996,26
0,1997,27
0,1998,27
0,1999,27
0,2000,27
0,2001,27
0,2002,27
0,2003,19
0,2004,19
0,2005,19
0,2006,26
0,2007,24
0,2008,37
0,2009,37
0,2010,45
0,2011,45
0,2012,33
0,2013,33
0,2014,57
0,2015,49
0,2016,49
0,2017,49
0,2018,51
0,2019,51
0,2020,53
0,2021,49
0,2022,47
0,2023,59
0,2024,45
0,2025,45
0,2026,45
0,2027,45
0,2028,45
0,2029,43
0,2030,54
0,2031,54
0,2032,54
0,2033,44
0,2034,34
0,2035,24
0,2036,24
0,2037,24
0,2038,24
0,2039,24
0,2040,26
0,2041,26
0,2042,26
0,2043,26
0,2044,26
0,2045,26
0,2046,26
0,2047,26
0,2048,26
0,2049,38
0,2050,42
0,2051,66
